tmc,direction,split,horizon,model,row_count,mae,rmse
110+04164,WESTBOUND,validation,5min,Persistence,52110,0.047415382187828724,0.1092371720417802
110+04165,WESTBOUND,validation,5min,Persistence,52110,0.052157048401681894,0.1387766157681191
110+04166,WESTBOUND,validation,5min,Persistence,52110,0.07451382762429108,0.2151976248924862
110+04167,WESTBOUND,validation,5min,Persistence,52110,0.07985640889490028,0.18840848359421924
110+04168,WESTBOUND,validation,5min,Persistence,52110,0.07945252834570055,0.2775111870415912
110+04169,WESTBOUND,validation,5min,Persistence,52110,0.0803973655207181,0.1884472571493844
110+04170,WESTBOUND,validation,5min,Persistence,52110,0.06545283075644247,0.13543110186076168
110+04171,WESTBOUND,validation,5min,Persistence,52110,0.04588488108842039,0.10241130786871064
110+04172,WESTBOUND,validation,5min,Persistence,52110,0.042219757519943,0.08132807126354057
110+04173,WESTBOUND,validation,5min,Persistence,52110,0.028052100038715933,0.05711604717446527
110-04163,EASTBOUND,validation,5min,Persistence,52110,0.07559346016797923,0.22933825773417787
110-04164,EASTBOUND,validation,5min,Persistence,52110,0.050052858353190156,0.13410193012647353
110-04165,EASTBOUND,validation,5min,Persistence,52110,0.03288847044196543,0.07330448624397853
110-04166,EASTBOUND,validation,5min,Persistence,52110,0.06501792732821565,0.11950598268432364
110-04167,EASTBOUND,validation,5min,Persistence,52110,0.1392429703108847,0.31607682359359884
110-04168,EASTBOUND,validation,5min,Persistence,52110,0.09569512055508736,0.221403754181551
110-04169,EASTBOUND,validation,5min,Persistence,52110,0.11320784388562244,0.3556558123987612
110-04170,EASTBOUND,validation,5min,Persistence,52110,0.09096082115481842,0.33324594301853966
110-04171,EASTBOUND,validation,5min,Persistence,52110,0.0811551087144951,0.262621180308235
110-04172,EASTBOUND,validation,5min,Persistence,52110,0.05353492523098452,0.15273675010859827
110N04164,EASTBOUND,validation,5min,Persistence,52110,0.08569228810423692,0.28408536685152913
110N04165,EASTBOUND,validation,5min,Persistence,52110,0.039737600486646915,0.12284665923035805
110N04166,EASTBOUND,validation,5min,Persistence,52110,0.034822133651234106,0.08918225554120628
110N04167,EASTBOUND,validation,5min,Persistence,52110,0.13900230503602207,0.30784408490040316
110N04168,EASTBOUND,validation,5min,Persistence,52110,0.1343436307745232,0.3112686575609139
110N04169,EASTBOUND,validation,5min,Persistence,52110,0.12884445997579397,0.3832031131607842
110N04170,EASTBOUND,validation,5min,Persistence,52110,0.09732434491438685,0.3311209708742666
110N04171,EASTBOUND,validation,5min,Persistence,52110,0.08370764617764827,0.28702274927788574
110N04172,EASTBOUND,validation,5min,Persistence,52110,0.0757257273442749,0.23483399547252148
110N04173,EASTBOUND,validation,5min,Persistence,52110,0.07089512862496526,0.19279354211645128
110P04163,WESTBOUND,validation,5min,Persistence,52110,0.043211626049072215,0.0914654696145691
110P04164,WESTBOUND,validation,5min,Persistence,52110,0.055915387131611635,0.15521428262426823
110P04165,WESTBOUND,validation,5min,Persistence,52110,0.06294957637414966,0.2320487696176565
110P04166,WESTBOUND,validation,5min,Persistence,52110,0.10616023769117204,0.327881036586641
110P04167,WESTBOUND,validation,5min,Persistence,52110,0.06906701783814072,0.23178439720560284
110P04168,WESTBOUND,validation,5min,Persistence,52110,0.08366557254290069,0.2713634817731041
110P04169,WESTBOUND,validation,5min,Persistence,52110,0.09704882626118419,0.2137569721532587
110P04170,WESTBOUND,validation,5min,Persistence,52110,0.043884689230698666,0.10747447823881512
110P04171,WESTBOUND,validation,5min,Persistence,52110,0.04498156686463206,0.09028826885501615
110P04172,WESTBOUND,validation,5min,Persistence,52110,0.038947118552886024,0.0859185506351089
110P04173,WESTBOUND,validation,5min,Persistence,52089,0.029609627101662296,0.058580767031579245
110+04164,WESTBOUND,test,5min,Persistence,52911,0.04451626861560534,0.11263229730369885
110+04165,WESTBOUND,test,5min,Persistence,52911,0.04846097070851547,0.14050772570100292
110+04166,WESTBOUND,test,5min,Persistence,52964,0.07336615067317762,0.22024495165279415
110+04167,WESTBOUND,test,5min,Persistence,52988,0.08690652334200669,0.20935707151303104
110+04168,WESTBOUND,test,5min,Persistence,52972,0.07763441385460512,0.2729361124898303
110+04169,WESTBOUND,test,5min,Persistence,52972,0.07992852514932841,0.19151912851219022
110+04170,WESTBOUND,test,5min,Persistence,52972,0.06686798365721895,0.1366523786586839
110+04171,WESTBOUND,test,5min,Persistence,52972,0.04122152322709918,0.12619756928179884
110+04172,WESTBOUND,test,5min,Persistence,52988,0.03913031813337031,0.10276253973718012
110+04173,WESTBOUND,test,5min,Persistence,52988,0.02726198236918926,0.062371360183261275
110-04163,EASTBOUND,test,5min,Persistence,52988,0.06890349218038463,0.2339844359091927
110-04164,EASTBOUND,test,5min,Persistence,52988,0.04027363823942135,0.12393920172096343
110-04165,EASTBOUND,test,5min,Persistence,52988,0.03311027623852255,0.09171285102593463
110-04166,EASTBOUND,test,5min,Persistence,52988,0.06878923272318282,0.12565688911840514
110-04167,EASTBOUND,test,5min,Persistence,52988,0.14280876021430217,0.32380580356228494
110-04168,EASTBOUND,test,5min,Persistence,52988,0.09239083389383027,0.21788730842973417
110-04169,EASTBOUND,test,5min,Persistence,52988,0.10758571568071433,0.3363615555118919
110-04170,EASTBOUND,test,5min,Persistence,52988,0.08207188315269735,0.26339214238071346
110-04171,EASTBOUND,test,5min,Persistence,52988,0.07392082545889918,0.2189627611215389
110-04172,EASTBOUND,test,5min,Persistence,52967,0.049773467115392066,0.13669542329806111
110N04164,EASTBOUND,test,5min,Persistence,52988,0.07147069428051916,0.23105025471836604
110N04165,EASTBOUND,test,5min,Persistence,52988,0.03811488987614446,0.1841190956642413
110N04166,EASTBOUND,test,5min,Persistence,52988,0.033385758931320904,0.07318687809045694
110N04167,EASTBOUND,test,5min,Persistence,52988,0.14374733756457264,0.31643773854432156
110N04168,EASTBOUND,test,5min,Persistence,52988,0.13652609283719744,0.3178949894312284
110N04169,EASTBOUND,test,5min,Persistence,52988,0.12329640243592242,0.371707000637694
110N04170,EASTBOUND,test,5min,Persistence,52988,0.09028434590576039,0.2881855900205151
110N04171,EASTBOUND,test,5min,Persistence,52988,0.07606740189474169,0.23454210076649598
110N04172,EASTBOUND,test,5min,Persistence,52967,0.06915905980249909,0.19741425698702317
110N04173,EASTBOUND,test,5min,Persistence,52967,0.0690265957311917,0.18140510035770066
110P04163,WESTBOUND,test,5min,Persistence,52900,0.04299331616218266,0.20068609885338254
110P04164,WESTBOUND,test,5min,Persistence,52911,0.048680598778996886,0.10968898507937705
110P04165,WESTBOUND,test,5min,Persistence,52964,0.055736715862834615,0.23288849412117682
110P04166,WESTBOUND,test,5min,Persistence,52964,0.10886093686133,0.3412487964431697
110P04167,WESTBOUND,test,5min,Persistence,52972,0.07404526686685793,0.2524936273686742
110P04168,WESTBOUND,test,5min,Persistence,52972,0.08051544086730014,0.28621366422800465
110P04169,WESTBOUND,test,5min,Persistence,52972,0.09922849994063422,0.23618114900620796
110P04170,WESTBOUND,test,5min,Persistence,52972,0.040491138549210576,0.1126857922099793
110P04171,WESTBOUND,test,5min,Persistence,52972,0.04097371742868768,0.12290442880328908
110P04172,WESTBOUND,test,5min,Persistence,52988,0.036487808817898676,0.0850772144559825
110P04173,WESTBOUND,test,5min,Persistence,52988,0.02965986601818561,0.06804975394309194
110+04164,WESTBOUND,validation,5min,LinearRegression,52110,0.06272538819519796,0.15598370059564692
110+04165,WESTBOUND,validation,5min,LinearRegression,52110,0.06902110830526052,0.19670941109721957
110+04166,WESTBOUND,validation,5min,LinearRegression,52110,0.11229270643025072,0.33043281813242115
110+04167,WESTBOUND,validation,5min,LinearRegression,52110,0.11782686949161088,0.27611097639153276
110+04168,WESTBOUND,validation,5min,LinearRegression,52110,0.12072443989204723,0.42037732558152896
110+04169,WESTBOUND,validation,5min,LinearRegression,52110,0.12387501725895826,0.29358638909777013
110+04170,WESTBOUND,validation,5min,LinearRegression,52110,0.08491101939861548,0.1792470816113116
110+04171,WESTBOUND,validation,5min,LinearRegression,52110,0.05909740391425363,0.1387195419889299
110+04172,WESTBOUND,validation,5min,LinearRegression,52110,0.05291172381604571,0.11256886401984657
110+04173,WESTBOUND,validation,5min,LinearRegression,52110,0.037914374632274685,0.08226276371319705
110-04163,EASTBOUND,validation,5min,LinearRegression,52110,0.09868293647123777,0.29863437621596806
110-04164,EASTBOUND,validation,5min,LinearRegression,52110,0.07138740262817557,0.20323364050586232
110-04165,EASTBOUND,validation,5min,LinearRegression,52110,0.04469918597495479,0.10394558391715117
110-04166,EASTBOUND,validation,5min,LinearRegression,52110,0.08735840593591397,0.16258381737346925
110-04167,EASTBOUND,validation,5min,LinearRegression,52110,0.18581055317271275,0.41710103420501937
110-04168,EASTBOUND,validation,5min,LinearRegression,52110,0.14852158837886295,0.3472657150239837
110-04169,EASTBOUND,validation,5min,LinearRegression,52110,0.15676540460686642,0.48302004583830976
110-04170,EASTBOUND,validation,5min,LinearRegression,52110,0.12420303858720906,0.4316039290258473
110-04171,EASTBOUND,validation,5min,LinearRegression,52110,0.10600489452106136,0.33878810653610025
110-04172,EASTBOUND,validation,5min,LinearRegression,52110,0.07450994567925939,0.223620018030575
110N04164,EASTBOUND,validation,5min,LinearRegression,52110,0.11350801522963296,0.36895081627090537
110N04165,EASTBOUND,validation,5min,LinearRegression,52110,0.053511717883865356,0.1675052559101332
110N04166,EASTBOUND,validation,5min,LinearRegression,52110,0.04598629422770373,0.12010005885125546
110N04167,EASTBOUND,validation,5min,LinearRegression,52110,0.1879649674684811,0.4147541008264314
110N04168,EASTBOUND,validation,5min,LinearRegression,52110,0.1815062863631484,0.41545062162240165
110N04169,EASTBOUND,validation,5min,LinearRegression,52110,0.17700425327142724,0.5178014065761528
110N04170,EASTBOUND,validation,5min,LinearRegression,52110,0.13688878863868176,0.4461395416321382
110N04171,EASTBOUND,validation,5min,LinearRegression,52110,0.11202727162463043,0.3867149999885127
110N04172,EASTBOUND,validation,5min,LinearRegression,52110,0.0983676654748252,0.3043908114037696
110N04173,EASTBOUND,validation,5min,LinearRegression,52110,0.09678356629415773,0.2721233210653986
110P04163,WESTBOUND,validation,5min,LinearRegression,52110,0.0588391601285802,0.13285046203956366
110P04164,WESTBOUND,validation,5min,LinearRegression,52110,0.07362284675149688,0.22115334701985212
110P04165,WESTBOUND,validation,5min,LinearRegression,52110,0.08872154766016407,0.33162696671295966
110P04166,WESTBOUND,validation,5min,LinearRegression,52110,0.15964775383980084,0.47308509408008087
110P04167,WESTBOUND,validation,5min,LinearRegression,52110,0.10030598418112996,0.3424994784476448
110P04168,WESTBOUND,validation,5min,LinearRegression,52110,0.12088255017744588,0.39040368910790274
110P04169,WESTBOUND,validation,5min,LinearRegression,52110,0.1249709111065234,0.2734672810589412
110P04170,WESTBOUND,validation,5min,LinearRegression,52110,0.057608449680043416,0.14669133696376035
110P04171,WESTBOUND,validation,5min,LinearRegression,52110,0.05709796988847653,0.1230957428381991
110P04172,WESTBOUND,validation,5min,LinearRegression,52110,0.04868339292477794,0.12200551703092052
110P04173,WESTBOUND,validation,5min,LinearRegression,52089,0.0410839399702608,0.08028685370482568
110+04164,WESTBOUND,test,5min,LinearRegression,52911,0.057970709539446844,0.14424002524643612
110+04165,WESTBOUND,test,5min,LinearRegression,52911,0.06654766251633218,0.20422449566275763
110+04166,WESTBOUND,test,5min,LinearRegression,52964,0.10943413670882952,0.3318222523339723
110+04167,WESTBOUND,test,5min,LinearRegression,52988,0.1308534138425048,0.31907071810903387
110+04168,WESTBOUND,test,5min,LinearRegression,52972,0.11925293367099744,0.4166321148864972
110+04169,WESTBOUND,test,5min,LinearRegression,52972,0.12217731371126588,0.29618091139891206
110+04170,WESTBOUND,test,5min,LinearRegression,52972,0.08855224043943201,0.187934816903441
110+04171,WESTBOUND,test,5min,LinearRegression,52972,0.05201334948793088,0.15290116323781128
110+04172,WESTBOUND,test,5min,LinearRegression,52988,0.048063083151025934,0.12137110296318528
110+04173,WESTBOUND,test,5min,LinearRegression,52988,0.03689697176330576,0.09306761040613618
110-04163,EASTBOUND,test,5min,LinearRegression,52988,0.08966843614190369,0.30489872808226354
110-04164,EASTBOUND,test,5min,LinearRegression,52988,0.05895981359405019,0.1783345689453227
110-04165,EASTBOUND,test,5min,LinearRegression,52988,0.04571533581434029,0.12421676031480179
110-04166,EASTBOUND,test,5min,LinearRegression,52988,0.09354776145175124,0.1730111550626223
110-04167,EASTBOUND,test,5min,LinearRegression,52988,0.19231326190014053,0.42832000205426857
110-04168,EASTBOUND,test,5min,LinearRegression,52988,0.14443752692346723,0.3443757696767912
110-04169,EASTBOUND,test,5min,LinearRegression,52988,0.14771547317072636,0.4544477618328368
110-04170,EASTBOUND,test,5min,LinearRegression,52988,0.1121707657609159,0.35268793529311027
110-04171,EASTBOUND,test,5min,LinearRegression,52988,0.09688673478197941,0.2874341544321535
110-04172,EASTBOUND,test,5min,LinearRegression,52967,0.06875472086694642,0.1915451902424008
110N04164,EASTBOUND,test,5min,LinearRegression,52988,0.094955243238915,0.3045879077018864
110N04165,EASTBOUND,test,5min,LinearRegression,52988,0.05302280117575594,0.23693773797201906
110N04166,EASTBOUND,test,5min,LinearRegression,52988,0.04416336315942483,0.10047524001858182
110N04167,EASTBOUND,test,5min,LinearRegression,52988,0.19749957960304915,0.4298643197002878
110N04168,EASTBOUND,test,5min,LinearRegression,52988,0.18550834889568882,0.42461477079114496
110N04169,EASTBOUND,test,5min,LinearRegression,52988,0.16702173638687873,0.49713526741841435
110N04170,EASTBOUND,test,5min,LinearRegression,52988,0.12567046079610936,0.39489996768026725
110N04171,EASTBOUND,test,5min,LinearRegression,52988,0.10134389260524457,0.30934067980978575
110N04172,EASTBOUND,test,5min,LinearRegression,52967,0.09071509809034298,0.2612536550998543
110N04173,EASTBOUND,test,5min,LinearRegression,52967,0.09266582501558562,0.24385975517457203
110P04163,WESTBOUND,test,5min,LinearRegression,52900,0.05694880934039076,0.22659846853785767
110P04164,WESTBOUND,test,5min,LinearRegression,52911,0.06333102576651443,0.1531057143805776
110P04165,WESTBOUND,test,5min,LinearRegression,52964,0.0785870470775677,0.3271156505210453
110P04166,WESTBOUND,test,5min,LinearRegression,52964,0.16517941723988566,0.49329379901219655
110P04167,WESTBOUND,test,5min,LinearRegression,52972,0.11138337981335493,0.3871099683056072
110P04168,WESTBOUND,test,5min,LinearRegression,52972,0.11709534889095226,0.4131341605918501
110P04169,WESTBOUND,test,5min,LinearRegression,52972,0.13367297732034814,0.32503820052175025
110P04170,WESTBOUND,test,5min,LinearRegression,52972,0.05186645452575352,0.14234164254591172
110P04171,WESTBOUND,test,5min,LinearRegression,52972,0.05106676673332488,0.14964267411097876
110P04172,WESTBOUND,test,5min,LinearRegression,52988,0.044633147845515794,0.10447523936994031
110P04173,WESTBOUND,test,5min,LinearRegression,52988,0.04151549210949542,0.10004441155241085
110+04164,WESTBOUND,validation,5min,RandomForest,52110,0.05962502403253719,0.15361750918958741
110+04165,WESTBOUND,validation,5min,RandomForest,52110,0.06702326132011764,0.19791872398182783
110+04166,WESTBOUND,validation,5min,RandomForest,52110,0.10337724479510456,0.31193991473226723
110+04167,WESTBOUND,validation,5min,RandomForest,52110,0.11394249783511579,0.27423533222643914
110+04168,WESTBOUND,validation,5min,RandomForest,52110,0.10799743272868083,0.38301484430215216
110+04169,WESTBOUND,validation,5min,RandomForest,52110,0.10835996864508957,0.2605500246075998
110+04170,WESTBOUND,validation,5min,RandomForest,52110,0.08628751236492642,0.1886544377126743
110+04171,WESTBOUND,validation,5min,RandomForest,52110,0.06012718803731177,0.1502399309128355
110+04172,WESTBOUND,validation,5min,RandomForest,52110,0.05338352775250456,0.11766098253393074
110+04173,WESTBOUND,validation,5min,RandomForest,52110,0.032828367688942345,0.0786673084303323
110-04163,EASTBOUND,validation,5min,RandomForest,52110,0.10003387920446057,0.28944047502769443
110-04164,EASTBOUND,validation,5min,RandomForest,52110,0.06790068668381656,0.19930977395384294
110-04165,EASTBOUND,validation,5min,RandomForest,52110,0.04093595129483936,0.1049654901977982
110-04166,EASTBOUND,validation,5min,RandomForest,52110,0.08452142558357775,0.16461033862695093
110-04167,EASTBOUND,validation,5min,RandomForest,52110,0.16983751346814277,0.3874678243757593
110-04168,EASTBOUND,validation,5min,RandomForest,52110,0.13230475180086942,0.31326491214678126
110-04169,EASTBOUND,validation,5min,RandomForest,52110,0.1446086784477314,0.45865207353348536
110-04170,EASTBOUND,validation,5min,RandomForest,52110,0.1134703906387842,0.4088170897769907
110-04171,EASTBOUND,validation,5min,RandomForest,52110,0.09759629838705124,0.32186798812681305
110-04172,EASTBOUND,validation,5min,RandomForest,52110,0.0686530726361388,0.21265325957617665
110N04164,EASTBOUND,validation,5min,RandomForest,52110,0.11311233297463309,0.35472054157692345
110N04165,EASTBOUND,validation,5min,RandomForest,52110,0.04878817466906923,0.16504097250749108
110N04166,EASTBOUND,validation,5min,RandomForest,52110,0.04352601590512916,0.12242908970205707
110N04167,EASTBOUND,validation,5min,RandomForest,52110,0.17185112901680125,0.38500287680963385
110N04168,EASTBOUND,validation,5min,RandomForest,52110,0.16524880031811154,0.3854758039763254
110N04169,EASTBOUND,validation,5min,RandomForest,52110,0.1636939479550441,0.4907375296373303
110N04170,EASTBOUND,validation,5min,RandomForest,52110,0.1250334399092224,0.4212262619626227
110N04171,EASTBOUND,validation,5min,RandomForest,52110,0.10331855262492008,0.385852642227179
110N04172,EASTBOUND,validation,5min,RandomForest,52110,0.09030867102222077,0.28746764824007665
110N04173,EASTBOUND,validation,5min,RandomForest,52110,0.094341271259029,0.2659055030890355
110P04163,WESTBOUND,validation,5min,RandomForest,52110,0.05630969298173683,0.12962160800770064
110P04164,WESTBOUND,validation,5min,RandomForest,52110,0.0732638215303997,0.2191029354658099
110P04165,WESTBOUND,validation,5min,RandomForest,52110,0.08261871500369104,0.3235904777103153
110P04166,WESTBOUND,validation,5min,RandomForest,52110,0.14689213693435457,0.4471632993156722
110P04167,WESTBOUND,validation,5min,RandomForest,52110,0.09245991257987515,0.3213130361331443
110P04168,WESTBOUND,validation,5min,RandomForest,52110,0.10837534514654963,0.35400058899638814
110P04169,WESTBOUND,validation,5min,RandomForest,52110,0.12517016929875552,0.27872131412293416
110P04170,WESTBOUND,validation,5min,RandomForest,52110,0.05809985802436311,0.15602686657533593
110P04171,WESTBOUND,validation,5min,RandomForest,52110,0.058041270668746724,0.13232068880471526
110P04172,WESTBOUND,validation,5min,RandomForest,52110,0.048025833664152376,0.1228365350199906
110P04173,WESTBOUND,validation,5min,RandomForest,52089,0.03540552836195978,0.07883423820505611
110+04164,WESTBOUND,test,5min,RandomForest,52911,0.05423030796059422,0.14419878177906564
110+04165,WESTBOUND,test,5min,RandomForest,52911,0.06138009606536667,0.19915352276695797
110+04166,WESTBOUND,test,5min,RandomForest,52964,0.10234434111311175,0.31883037422293026
110+04167,WESTBOUND,test,5min,RandomForest,52988,0.1279839991100113,0.3214708411634145
110+04168,WESTBOUND,test,5min,RandomForest,52972,0.10737989780418211,0.3840413097161205
110+04169,WESTBOUND,test,5min,RandomForest,52972,0.10761598487333404,0.26705005150894195
110+04170,WESTBOUND,test,5min,RandomForest,52972,0.08796238033562784,0.18784302175812703
110+04171,WESTBOUND,test,5min,RandomForest,52972,0.050934771688504264,0.15485009479553577
110+04172,WESTBOUND,test,5min,RandomForest,52988,0.04679914178814488,0.12072617299158186
110+04173,WESTBOUND,test,5min,RandomForest,52988,0.03105033914555637,0.09097207519182156
110-04163,EASTBOUND,test,5min,RandomForest,52988,0.09413133886794514,0.3077695193015067
110-04164,EASTBOUND,test,5min,RandomForest,52988,0.054697201743427806,0.1747267908796661
110-04165,EASTBOUND,test,5min,RandomForest,52988,0.041074563506994656,0.12357817358587703
110-04166,EASTBOUND,test,5min,RandomForest,52988,0.09006039289884189,0.17234655114267763
110-04167,EASTBOUND,test,5min,RandomForest,52988,0.1742798947930156,0.39702643940226223
110-04168,EASTBOUND,test,5min,RandomForest,52988,0.12778395306152987,0.31163386999302367
110-04169,EASTBOUND,test,5min,RandomForest,52988,0.13574927554755825,0.4275737634208523
110-04170,EASTBOUND,test,5min,RandomForest,52988,0.10366831057113864,0.33612243522258384
110-04171,EASTBOUND,test,5min,RandomForest,52988,0.08942269608414369,0.2715933882118812
110-04172,EASTBOUND,test,5min,RandomForest,52967,0.06303914740782493,0.18248008815312994
110N04164,EASTBOUND,test,5min,RandomForest,52988,0.09575070594754354,0.3036388134194135
110N04165,EASTBOUND,test,5min,RandomForest,52988,0.047677541675242546,0.22760574987267918
110N04166,EASTBOUND,test,5min,RandomForest,52988,0.04130565923453061,0.10101908063506905
110N04167,EASTBOUND,test,5min,RandomForest,52988,0.18063827304835128,0.4007310516699956
110N04168,EASTBOUND,test,5min,RandomForest,52988,0.16809475720299175,0.39423168085599786
110N04169,EASTBOUND,test,5min,RandomForest,52988,0.15339894553151034,0.4669465472556028
110N04170,EASTBOUND,test,5min,RandomForest,52988,0.11602570959828068,0.3752719887775874
110N04171,EASTBOUND,test,5min,RandomForest,52988,0.09349566273381775,0.29357212914685854
110N04172,EASTBOUND,test,5min,RandomForest,52967,0.08344666544370691,0.2452820264963513
110N04173,EASTBOUND,test,5min,RandomForest,52967,0.09126728144638094,0.2426422295840827
110P04163,WESTBOUND,test,5min,RandomForest,52900,0.05427205251794104,0.2047476798115666
110P04164,WESTBOUND,test,5min,RandomForest,52911,0.06082405163749649,0.15427432832325158
110P04165,WESTBOUND,test,5min,RandomForest,52964,0.07297426434190245,0.3107776280995368
110P04166,WESTBOUND,test,5min,RandomForest,52964,0.15284036750429808,0.46781179380876786
110P04167,WESTBOUND,test,5min,RandomForest,52972,0.1062727632198681,0.37710709408781407
110P04168,WESTBOUND,test,5min,RandomForest,52972,0.10633182481997544,0.3796761978442915
110P04169,WESTBOUND,test,5min,RandomForest,52972,0.13070165134866,0.3181961628901892
110P04170,WESTBOUND,test,5min,RandomForest,52972,0.05120478895136798,0.14629491637034947
110P04171,WESTBOUND,test,5min,RandomForest,52972,0.050208322910747026,0.15215602706452083
110P04172,WESTBOUND,test,5min,RandomForest,52988,0.042995435501859754,0.10725942990042155
110P04173,WESTBOUND,test,5min,RandomForest,52988,0.03543316183853326,0.09623853711229909
110+04164,WESTBOUND,validation,5min,XGBoost,52110,0.059602636075405356,0.15457811964296175
110+04165,WESTBOUND,validation,5min,XGBoost,52110,0.06773892119833162,0.19709126054071252
110+04166,WESTBOUND,validation,5min,XGBoost,52110,0.10548700428353544,0.3170962920375214
110+04167,WESTBOUND,validation,5min,XGBoost,52110,0.11229555241786665,0.2654030392569401
110+04168,WESTBOUND,validation,5min,XGBoost,52110,0.10799268590385032,0.3793678170678252
110+04169,WESTBOUND,validation,5min,XGBoost,52110,0.110117037887912,0.26450148742226337
110+04170,WESTBOUND,validation,5min,XGBoost,52110,0.08764909972535209,0.19269454101157754
110+04171,WESTBOUND,validation,5min,XGBoost,52110,0.06091425173073865,0.1544908162309729
110+04172,WESTBOUND,validation,5min,XGBoost,52110,0.054611818692269,0.12400008397479449
110+04173,WESTBOUND,validation,5min,XGBoost,52110,0.03334090354528313,0.07979056139740247
110-04163,EASTBOUND,validation,5min,XGBoost,52110,0.10031229400746627,0.2913103387905037
110-04164,EASTBOUND,validation,5min,XGBoost,52110,0.0680350520797452,0.1992877182514008
110-04165,EASTBOUND,validation,5min,XGBoost,52110,0.041264357565031856,0.10495122207239675
110-04166,EASTBOUND,validation,5min,XGBoost,52110,0.08755239782295109,0.1674357801426916
110-04167,EASTBOUND,validation,5min,XGBoost,52110,0.17135264706432657,0.3890270431625697
110-04168,EASTBOUND,validation,5min,XGBoost,52110,0.1321650966593573,0.3142103971148613
110-04169,EASTBOUND,validation,5min,XGBoost,52110,0.142589556151639,0.4511621088701729
110-04170,EASTBOUND,validation,5min,XGBoost,52110,0.11383027265193889,0.4167168917484953
110-04171,EASTBOUND,validation,5min,XGBoost,52110,0.09778991571594335,0.32503746347368884
110-04172,EASTBOUND,validation,5min,XGBoost,52110,0.06905384766231913,0.215744603500151
110N04164,EASTBOUND,validation,5min,XGBoost,52110,0.11369967866879924,0.35076764511854186
110N04165,EASTBOUND,validation,5min,XGBoost,52110,0.049673254629217775,0.17368324978946062
110N04166,EASTBOUND,validation,5min,XGBoost,52110,0.04360635191061945,0.12478815201625426
110N04167,EASTBOUND,validation,5min,XGBoost,52110,0.17373728363642685,0.38721383663113534
110N04168,EASTBOUND,validation,5min,XGBoost,52110,0.16591019401744747,0.3847018234027045
110N04169,EASTBOUND,validation,5min,XGBoost,52110,0.16123347770684943,0.4810434637333333
110N04170,EASTBOUND,validation,5min,XGBoost,52110,0.12454512147510698,0.42001070939489876
110N04171,EASTBOUND,validation,5min,XGBoost,52110,0.10335584933749074,0.4009319612931274
110N04172,EASTBOUND,validation,5min,XGBoost,52110,0.09099930766941175,0.2925173569030737
110N04173,EASTBOUND,validation,5min,XGBoost,52110,0.09442647705014151,0.2675204163042846
110P04163,WESTBOUND,validation,5min,XGBoost,52110,0.05671446619507476,0.1293251920520361
110P04164,WESTBOUND,validation,5min,XGBoost,52110,0.07399326725739887,0.22162592388472444
110P04165,WESTBOUND,validation,5min,XGBoost,52110,0.0836605010831807,0.3210007204069304
110P04166,WESTBOUND,validation,5min,XGBoost,52110,0.15006879060597925,0.4574908787402423
110P04167,WESTBOUND,validation,5min,XGBoost,52110,0.09150410619070234,0.31230480366779706
110P04168,WESTBOUND,validation,5min,XGBoost,52110,0.10975403365247689,0.35346894107924565
110P04169,WESTBOUND,validation,5min,XGBoost,52110,0.1257697241975359,0.27945424979407923
110P04170,WESTBOUND,validation,5min,XGBoost,52110,0.058893202253863575,0.16097260923730683
110P04171,WESTBOUND,validation,5min,XGBoost,52110,0.05928086783386981,0.1379336874463647
110P04172,WESTBOUND,validation,5min,XGBoost,52110,0.04924073913753021,0.13060070559243944
110P04173,WESTBOUND,validation,5min,XGBoost,52089,0.03618058137320883,0.07823129721187996
110+04164,WESTBOUND,test,5min,XGBoost,52911,0.05616095312658928,0.20270731468595227
110+04165,WESTBOUND,test,5min,XGBoost,52911,0.06279636148517567,0.21323632525783862
110+04166,WESTBOUND,test,5min,XGBoost,52964,0.10331083394650668,0.32220391969986684
110+04167,WESTBOUND,test,5min,XGBoost,52988,0.12542283073430252,0.31077583288066163
110+04168,WESTBOUND,test,5min,XGBoost,52972,0.10772212610523296,0.38520664315029246
110+04169,WESTBOUND,test,5min,XGBoost,52972,0.1092116779090499,0.2700655540137049
110+04170,WESTBOUND,test,5min,XGBoost,52972,0.09013367663103877,0.19370821248581854
110+04171,WESTBOUND,test,5min,XGBoost,52972,0.05171790507709111,0.14825643775890232
110+04172,WESTBOUND,test,5min,XGBoost,52988,0.047959032953285866,0.12222454321690453
110+04173,WESTBOUND,test,5min,XGBoost,52988,0.03156564823741088,0.09006213075347345
110-04163,EASTBOUND,test,5min,XGBoost,52988,0.09317680661815883,0.2955613083192223
110-04164,EASTBOUND,test,5min,XGBoost,52988,0.05701953692343733,0.2458627659462115
110-04165,EASTBOUND,test,5min,XGBoost,52988,0.04398488221582629,0.19845775063933907
110-04166,EASTBOUND,test,5min,XGBoost,52988,0.09384945539847293,0.17674670799534742
110-04167,EASTBOUND,test,5min,XGBoost,52988,0.17544688009159323,0.3984754728197559
110-04168,EASTBOUND,test,5min,XGBoost,52988,0.12750595657864872,0.3128795689721182
110-04169,EASTBOUND,test,5min,XGBoost,52988,0.13553551807928155,0.42908227406394017
110-04170,EASTBOUND,test,5min,XGBoost,52988,0.10320154075557463,0.33333673541865766
110-04171,EASTBOUND,test,5min,XGBoost,52988,0.08883965961485758,0.26936930055105274
110-04172,EASTBOUND,test,5min,XGBoost,52967,0.06311021182299457,0.1872971797683802
110N04164,EASTBOUND,test,5min,XGBoost,52988,0.09682877822009302,0.3075881839200465
110N04165,EASTBOUND,test,5min,XGBoost,52988,0.048578312831500554,0.2332616040190714
110N04166,EASTBOUND,test,5min,XGBoost,52988,0.04175275903643543,0.10385941614851242
110N04167,EASTBOUND,test,5min,XGBoost,52988,0.18251101778168474,0.4027856567495854
110N04168,EASTBOUND,test,5min,XGBoost,52988,0.1685478987095648,0.39443819018010257
110N04169,EASTBOUND,test,5min,XGBoost,52988,0.15218050117907275,0.46508921883938475
110N04170,EASTBOUND,test,5min,XGBoost,52988,0.11569108583352893,0.3749899064402288
110N04171,EASTBOUND,test,5min,XGBoost,52988,0.09272769262428471,0.2909871234982523
110N04172,EASTBOUND,test,5min,XGBoost,52967,0.08326055574504461,0.24457054823174176
110N04173,EASTBOUND,test,5min,XGBoost,52967,0.09083429044203191,0.2395775474017789
110P04163,WESTBOUND,test,5min,XGBoost,52900,0.05512497425226298,0.20521508240559905
110P04164,WESTBOUND,test,5min,XGBoost,52911,0.0614036332183707,0.15471591207162205
110P04165,WESTBOUND,test,5min,XGBoost,52964,0.07488665776488998,0.3267844722654811
110P04166,WESTBOUND,test,5min,XGBoost,52964,0.153665240777117,0.47260783512980636
110P04167,WESTBOUND,test,5min,XGBoost,52972,0.10456688841208697,0.36841409320918517
110P04168,WESTBOUND,test,5min,XGBoost,52972,0.10788978370228458,0.39311997622387895
110P04169,WESTBOUND,test,5min,XGBoost,52972,0.13427848604677653,0.33912823141353027
110P04170,WESTBOUND,test,5min,XGBoost,52972,0.05174559805159677,0.14338387441794792
110P04171,WESTBOUND,test,5min,XGBoost,52972,0.051134353009765716,0.14527812820143704
110P04172,WESTBOUND,test,5min,XGBoost,52988,0.043982006629105924,0.1029298231870706
110P04173,WESTBOUND,test,5min,XGBoost,52988,0.03606384465007522,0.09282619590504194
110+04164,WESTBOUND,validation,15min,Persistence,52110,0.07347983036617468,0.19952376594000684
110+04165,WESTBOUND,validation,15min,Persistence,52110,0.08311607555706313,0.2526020281570264
110+04166,WESTBOUND,validation,15min,Persistence,52110,0.14369601877632254,0.4405670508221448
110+04167,WESTBOUND,validation,15min,Persistence,52110,0.1468539882826396,0.35396257104912904
110+04168,WESTBOUND,validation,15min,Persistence,52110,0.14872376957198424,0.5410927739976804
110+04169,WESTBOUND,validation,15min,Persistence,52110,0.1494429044308768,0.3659466228309161
110+04170,WESTBOUND,validation,15min,Persistence,52110,0.10056417727024013,0.22069175717058204
110+04171,WESTBOUND,validation,15min,Persistence,52110,0.06921675987028582,0.1750826290562128
110+04172,WESTBOUND,validation,15min,Persistence,52110,0.06109456186196912,0.1435096388328283
110+04173,WESTBOUND,validation,15min,Persistence,52110,0.04005559135625775,0.10325744456072791
110-04163,EASTBOUND,validation,15min,Persistence,52110,0.12158552570539367,0.3870587851002261
110-04164,EASTBOUND,validation,15min,Persistence,52110,0.08781785653564844,0.27117660435329216
110-04165,EASTBOUND,validation,15min,Persistence,52110,0.04984972838901766,0.13224654024097687
110-04166,EASTBOUND,validation,15min,Persistence,52110,0.1019836192449991,0.19608042701186743
110-04167,EASTBOUND,validation,15min,Persistence,52110,0.21531024003624272,0.4842165005673836
110-04168,EASTBOUND,validation,15min,Persistence,52110,0.1768369576275949,0.4151654596278494
110-04169,EASTBOUND,validation,15min,Persistence,52110,0.18603579700907774,0.5844387604958422
110-04170,EASTBOUND,validation,15min,Persistence,52110,0.1455375936355708,0.5131558291878636
110-04171,EASTBOUND,validation,15min,Persistence,52110,0.12481666942350894,0.40757550321773367
110-04172,EASTBOUND,validation,15min,Persistence,52110,0.08764195769904636,0.27900976156069063
110N04164,EASTBOUND,validation,15min,Persistence,52110,0.14200830383542629,0.45391143087272623
110N04165,EASTBOUND,validation,15min,Persistence,52110,0.06106998858257991,0.2097262014722137
110N04166,EASTBOUND,validation,15min,Persistence,52110,0.05091583772713005,0.14776721796735748
110N04167,EASTBOUND,validation,15min,Persistence,52110,0.2154816819401257,0.48026497058411943
110N04168,EASTBOUND,validation,15min,Persistence,52110,0.21018776661218638,0.4816027866712658
110N04169,EASTBOUND,validation,15min,Persistence,52110,0.2082432703964499,0.6183067554624011
110N04170,EASTBOUND,validation,15min,Persistence,52110,0.16149324092615414,0.5383071695301248
110N04171,EASTBOUND,validation,15min,Persistence,52110,0.13219414894564224,0.47353484122818984
110N04172,EASTBOUND,validation,15min,Persistence,52110,0.11601771349145124,0.36762906537543977
110N04173,EASTBOUND,validation,15min,Persistence,52110,0.11696927915997772,0.34000470769531
110P04163,WESTBOUND,validation,15min,Persistence,52110,0.0694799090438867,0.170105585034507
110P04164,WESTBOUND,validation,15min,Persistence,52110,0.08809303337351876,0.2842004621612525
110P04165,WESTBOUND,validation,15min,Persistence,52110,0.10971792151191485,0.43376015484542096
110P04166,WESTBOUND,validation,15min,Persistence,52110,0.20130216781134097,0.6092204793609033
110P04167,WESTBOUND,validation,15min,Persistence,52110,0.12296703223185765,0.43328830707949806
110P04168,WESTBOUND,validation,15min,Persistence,52110,0.1484625773422769,0.49315653230623563
110P04169,WESTBOUND,validation,15min,Persistence,52110,0.14740729353993898,0.32678693134900727
110P04170,WESTBOUND,validation,15min,Persistence,52110,0.06751914349067252,0.1848952546527362
110P04171,WESTBOUND,validation,15min,Persistence,52110,0.06653946481136774,0.15572826349187327
110P04172,WESTBOUND,validation,15min,Persistence,52110,0.05594373959268291,0.1559415492997279
110P04173,WESTBOUND,validation,15min,Persistence,52089,0.04383305487429446,0.09811438387904654
110+04164,WESTBOUND,test,15min,Persistence,52911,0.06502402967258775,0.1726187747593721
110+04165,WESTBOUND,test,15min,Persistence,52911,0.07813765138324713,0.26418492731953264
110+04166,WESTBOUND,test,15min,Persistence,52964,0.1404740381901928,0.4407551332451222
110+04167,WESTBOUND,test,15min,Persistence,52988,0.1634222411335617,0.4096303194580252
110+04168,WESTBOUND,test,15min,Persistence,52972,0.14581109626851485,0.5408546785205531
110+04169,WESTBOUND,test,15min,Persistence,52972,0.14817591965028143,0.368833236928295
110+04170,WESTBOUND,test,15min,Persistence,52972,0.10643929727844038,0.2354187614289187
110+04171,WESTBOUND,test,15min,Persistence,52972,0.05967901691926576,0.18444533337776295
110+04172,WESTBOUND,test,15min,Persistence,52988,0.054825653440175724,0.15344952647860335
110+04173,WESTBOUND,test,15min,Persistence,52988,0.038581425467773864,0.12349743028110775
110-04163,EASTBOUND,test,15min,Persistence,52988,0.10921682355070722,0.37260338998732073
110-04164,EASTBOUND,test,15min,Persistence,52988,0.06757362331152184,0.22969781440134984
110-04165,EASTBOUND,test,15min,Persistence,52988,0.050322797625233305,0.1557700750037875
110-04166,EASTBOUND,test,15min,Persistence,52988,0.10869538509188101,0.20880354667926423
110-04167,EASTBOUND,test,15min,Persistence,52988,0.2206008206470854,0.4955908415914162
110-04168,EASTBOUND,test,15min,Persistence,52988,0.16725228787989632,0.4050412886383252
110-04169,EASTBOUND,test,15min,Persistence,52988,0.17189295016564632,0.5411106594093229
110-04170,EASTBOUND,test,15min,Persistence,52988,0.13087525343639642,0.4217272370683751
110-04171,EASTBOUND,test,15min,Persistence,52988,0.11328939846749383,0.3424949919069354
110-04172,EASTBOUND,test,15min,Persistence,52967,0.07951985506373958,0.23376542393242603
110N04164,EASTBOUND,test,15min,Persistence,52988,0.11894016162281788,0.38786847926824614
110N04165,EASTBOUND,test,15min,Persistence,52988,0.05999847236059141,0.3083330352619772
110N04166,EASTBOUND,test,15min,Persistence,52988,0.048450612053669774,0.12356523043105046
110N04167,EASTBOUND,test,15min,Persistence,52988,0.2270408771063761,0.5007272445529221
110N04168,EASTBOUND,test,15min,Persistence,52988,0.21346881811598709,0.49416681408936053
110N04169,EASTBOUND,test,15min,Persistence,52988,0.19328617033307907,0.5848964418481912
110N04170,EASTBOUND,test,15min,Persistence,52988,0.14710844670370887,0.473166726587446
110N04171,EASTBOUND,test,15min,Persistence,52988,0.11815768068782806,0.36860898195172187
110N04172,EASTBOUND,test,15min,Persistence,52967,0.10594441821964255,0.3126772628095367
110N04173,EASTBOUND,test,15min,Persistence,52967,0.1118954995007553,0.300748307674642
110P04163,WESTBOUND,test,15min,Persistence,52900,0.0663127410534714,0.26021369320697957
110P04164,WESTBOUND,test,15min,Persistence,52911,0.07402427018904867,0.19543728313944014
110P04165,WESTBOUND,test,15min,Persistence,52964,0.09379249323176525,0.42274069246932894
110P04166,WESTBOUND,test,15min,Persistence,52964,0.20943472762563628,0.638670078444264
110P04167,WESTBOUND,test,15min,Persistence,52972,0.13373479681802483,0.4881398819257049
110P04168,WESTBOUND,test,15min,Persistence,52972,0.1446059536733018,0.5198501833205275
110P04169,WESTBOUND,test,15min,Persistence,52972,0.1600746595288481,0.40551256266515195
110P04170,WESTBOUND,test,15min,Persistence,52972,0.05992862623402326,0.1713746605743565
110P04171,WESTBOUND,test,15min,Persistence,52972,0.05857154911461914,0.18231269746852086
110P04172,WESTBOUND,test,15min,Persistence,52988,0.050640729167792976,0.13559263569834307
110P04173,WESTBOUND,test,15min,Persistence,52988,0.044569743227519575,0.12664239764834906
110+04164,WESTBOUND,validation,15min,LinearRegression,52110,0.07685156948436803,0.20798466522609052
110+04165,WESTBOUND,validation,15min,LinearRegression,52110,0.08440213672450553,0.2556775995464192
110+04166,WESTBOUND,validation,15min,LinearRegression,52110,0.15984507468229664,0.4655110669591772
110+04167,WESTBOUND,validation,15min,LinearRegression,52110,0.16490349561065723,0.3715956560873155
110+04168,WESTBOUND,validation,15min,LinearRegression,52110,0.17573360525432707,0.5836290740909398
110+04169,WESTBOUND,validation,15min,LinearRegression,52110,0.1845840298177218,0.43196320941286476
110+04170,WESTBOUND,validation,15min,LinearRegression,52110,0.10643514169380207,0.22207401095639712
110+04171,WESTBOUND,validation,15min,LinearRegression,52110,0.07117051998848527,0.17088117311961654
110+04172,WESTBOUND,validation,15min,LinearRegression,52110,0.06236359876270081,0.1438093532359803
110+04173,WESTBOUND,validation,15min,LinearRegression,52110,0.04927471232136581,0.1079265416391037
110-04163,EASTBOUND,validation,15min,LinearRegression,52110,0.12072764595322302,0.35755303502042196
110-04164,EASTBOUND,validation,15min,LinearRegression,52110,0.09511905826350413,0.2767682325595221
110-04165,EASTBOUND,validation,15min,LinearRegression,52110,0.0572890524662724,0.13222260445918488
110-04166,EASTBOUND,validation,15min,LinearRegression,52110,0.11537641142719451,0.20966348223118583
110-04167,EASTBOUND,validation,15min,LinearRegression,52110,0.2521914992214293,0.5442859052682205
110-04168,EASTBOUND,validation,15min,LinearRegression,52110,0.2164210207532307,0.49213066828768354
110-04169,EASTBOUND,validation,15min,LinearRegression,52110,0.21402451410993675,0.6288335787806071
110-04170,EASTBOUND,validation,15min,LinearRegression,52110,0.16167824112630572,0.5273518361234962
110-04171,EASTBOUND,validation,15min,LinearRegression,52110,0.13570504817617915,0.42117243495688295
110-04172,EASTBOUND,validation,15min,LinearRegression,52110,0.09891741688496743,0.29921698408893527
110N04164,EASTBOUND,validation,15min,LinearRegression,52110,0.14130014881985237,0.4340536681067186
110N04165,EASTBOUND,validation,15min,LinearRegression,52110,0.06783618039318463,0.19881413158072067
110N04166,EASTBOUND,validation,15min,LinearRegression,52110,0.057536476480341554,0.1442134998798541
110N04167,EASTBOUND,validation,15min,LinearRegression,52110,0.2579998670779425,0.5449018511853686
110N04168,EASTBOUND,validation,15min,LinearRegression,52110,0.25075694181810926,0.5460960101909429
110N04169,EASTBOUND,validation,15min,LinearRegression,52110,0.2419049586054944,0.6759463204588216
110N04170,EASTBOUND,validation,15min,LinearRegression,52110,0.18244920089452707,0.5645838272108509
110N04171,EASTBOUND,validation,15min,LinearRegression,52110,0.14500664205153962,0.49196684362798465
110N04172,EASTBOUND,validation,15min,LinearRegression,52110,0.12582875271952537,0.38177212221570833
110N04173,EASTBOUND,validation,15min,LinearRegression,52110,0.12550177774790708,0.3603255650002589
110P04163,WESTBOUND,validation,15min,LinearRegression,52110,0.07236771659783364,0.17785282824873186
110P04164,WESTBOUND,validation,15min,LinearRegression,52110,0.08739914156749738,0.27937790443612726
110P04165,WESTBOUND,validation,15min,LinearRegression,52110,0.11737883448955386,0.4287268958594008
110P04166,WESTBOUND,validation,15min,LinearRegression,52110,0.22958742820757091,0.6285566303815239
110P04167,WESTBOUND,validation,15min,LinearRegression,52110,0.1358295935320711,0.4534947422534428
110P04168,WESTBOUND,validation,15min,LinearRegression,52110,0.17183269048096492,0.5335608841480293
110P04169,WESTBOUND,validation,15min,LinearRegression,52110,0.16016852396050477,0.33952834588944797
110P04170,WESTBOUND,validation,15min,LinearRegression,52110,0.07113907382163076,0.1805513382836744
110P04171,WESTBOUND,validation,15min,LinearRegression,52110,0.06765118866103885,0.15374432837365
110P04172,WESTBOUND,validation,15min,LinearRegression,52110,0.05750590427938871,0.1529146410509734
110P04173,WESTBOUND,validation,15min,LinearRegression,52089,0.05321730050877137,0.09950774829058683
110+04164,WESTBOUND,test,15min,LinearRegression,52911,0.07174047752189705,0.1666690705598146
110+04165,WESTBOUND,test,15min,LinearRegression,52911,0.08465630241096513,0.26495334410300436
110+04166,WESTBOUND,test,15min,LinearRegression,52964,0.15235676328164433,0.45120435704643974
110+04167,WESTBOUND,test,15min,LinearRegression,52988,0.18601875203221208,0.447494453954889
110+04168,WESTBOUND,test,15min,LinearRegression,52972,0.17425918678304433,0.5917110184602737
110+04169,WESTBOUND,test,15min,LinearRegression,52972,0.1820291789415613,0.4383378464286122
110+04170,WESTBOUND,test,15min,LinearRegression,52972,0.11303830225338012,0.24594211121747928
110+04171,WESTBOUND,test,15min,LinearRegression,52972,0.06213489221349505,0.1674533114894863
110+04172,WESTBOUND,test,15min,LinearRegression,52988,0.056376476298025946,0.14128999146536522
110+04173,WESTBOUND,test,15min,LinearRegression,52988,0.048058950770499605,0.12547117170049787
110-04163,EASTBOUND,test,15min,LinearRegression,52988,0.10828552687176124,0.34474926963581703
110-04164,EASTBOUND,test,15min,LinearRegression,52988,0.08010211366926456,0.23296232432404265
110-04165,EASTBOUND,test,15min,LinearRegression,52988,0.05912733468848225,0.15301916266504562
110-04166,EASTBOUND,test,15min,LinearRegression,52988,0.12347418774635704,0.2259337870064212
110-04167,EASTBOUND,test,15min,LinearRegression,52988,0.26290852631295186,0.561141696629791
110-04168,EASTBOUND,test,15min,LinearRegression,52988,0.2111899941624752,0.4902191944583358
110-04169,EASTBOUND,test,15min,LinearRegression,52988,0.19967990464500784,0.5872956733692484
110-04170,EASTBOUND,test,15min,LinearRegression,52988,0.1445880146229422,0.4375306755087601
110-04171,EASTBOUND,test,15min,LinearRegression,52988,0.12449456279002263,0.36247691470474996
110-04172,EASTBOUND,test,15min,LinearRegression,52967,0.09104446109729626,0.2501614304310939
110N04164,EASTBOUND,test,15min,LinearRegression,52988,0.11738371157904158,0.36920719769261195
110N04165,EASTBOUND,test,15min,LinearRegression,52988,0.06863490041595309,0.28977717292068106
110N04166,EASTBOUND,test,15min,LinearRegression,52988,0.05574920474060759,0.12634160571561573
110N04167,EASTBOUND,test,15min,LinearRegression,52988,0.2722446259954871,0.5675505593363545
110N04168,EASTBOUND,test,15min,LinearRegression,52988,0.25825497188707874,0.5628676972227169
110N04169,EASTBOUND,test,15min,LinearRegression,52988,0.2273854544547511,0.6451327265987338
110N04170,EASTBOUND,test,15min,LinearRegression,52988,0.16527559291348523,0.49718006011189575
110N04171,EASTBOUND,test,15min,LinearRegression,52988,0.13069795762178135,0.38677286136486255
110N04172,EASTBOUND,test,15min,LinearRegression,52967,0.11678549983588579,0.3338499883175704
110N04173,EASTBOUND,test,15min,LinearRegression,52967,0.11732263502226478,0.30678397858239137
110P04163,WESTBOUND,test,15min,LinearRegression,52900,0.06786342334103827,0.23313133010291814
110P04164,WESTBOUND,test,15min,LinearRegression,52911,0.07495141763963205,0.1871012578572121
110P04165,WESTBOUND,test,15min,LinearRegression,52964,0.1020586458753734,0.3937993607380403
110P04166,WESTBOUND,test,15min,LinearRegression,52964,0.23677757994494875,0.6563536193563297
110P04167,WESTBOUND,test,15min,LinearRegression,52972,0.15808688900878365,0.5408142054498579
110P04168,WESTBOUND,test,15min,LinearRegression,52972,0.16622462864702284,0.5597568039323295
110P04169,WESTBOUND,test,15min,LinearRegression,52972,0.17574696817779603,0.43241854915503763
110P04170,WESTBOUND,test,15min,LinearRegression,52972,0.06327544570726731,0.15822382469217666
110P04171,WESTBOUND,test,15min,LinearRegression,52972,0.06019377648507375,0.16497153588821545
110P04172,WESTBOUND,test,15min,LinearRegression,52988,0.052345442419264504,0.12767770416574792
110P04173,WESTBOUND,test,15min,LinearRegression,52988,0.05454233903314826,0.13413700437374074
110+04164,WESTBOUND,validation,15min,RandomForest,52110,0.07321317300680753,0.20679572236332566
110+04165,WESTBOUND,validation,15min,RandomForest,52110,0.08527406989899816,0.26200894306104827
110+04166,WESTBOUND,validation,15min,RandomForest,52110,0.15118219605107366,0.4480991893214845
110+04167,WESTBOUND,validation,15min,RandomForest,52110,0.1577551218939789,0.36367769572469666
110+04168,WESTBOUND,validation,15min,RandomForest,52110,0.15463090060666954,0.5304575813456257
110+04169,WESTBOUND,validation,15min,RandomForest,52110,0.15907572327484903,0.38079158094473137
110+04170,WESTBOUND,validation,15min,RandomForest,52110,0.10656545877661712,0.22985279765446362
110+04171,WESTBOUND,validation,15min,RandomForest,52110,0.07549899348164292,0.18511693752676367
110+04172,WESTBOUND,validation,15min,RandomForest,52110,0.06576083944957742,0.15244447565114663
110+04173,WESTBOUND,validation,15min,RandomForest,52110,0.04169555520056672,0.10640857353497862
110-04163,EASTBOUND,validation,15min,RandomForest,52110,0.12472696176953152,0.34405407746124067
110-04164,EASTBOUND,validation,15min,RandomForest,52110,0.09284852679670101,0.27492926128789263
110-04165,EASTBOUND,validation,15min,RandomForest,52110,0.05221881400813217,0.13532059700330648
110-04166,EASTBOUND,validation,15min,RandomForest,52110,0.10853881623720485,0.20646992571964656
110-04167,EASTBOUND,validation,15min,RandomForest,52110,0.22280660383188505,0.4953534300362785
110-04168,EASTBOUND,validation,15min,RandomForest,52110,0.18573903557911317,0.4376728251366638
110-04169,EASTBOUND,validation,15min,RandomForest,52110,0.19310755998875262,0.5866836762090022
110-04170,EASTBOUND,validation,15min,RandomForest,52110,0.1425603186122348,0.4891151805828732
110-04171,EASTBOUND,validation,15min,RandomForest,52110,0.12142444420735904,0.39236945408276197
110-04172,EASTBOUND,validation,15min,RandomForest,52110,0.08838767179140765,0.2822158760364095
110N04164,EASTBOUND,validation,15min,RandomForest,52110,0.1463122965185252,0.42719314411679987
110N04165,EASTBOUND,validation,15min,RandomForest,52110,0.06087216038135119,0.20003062711346745
110N04166,EASTBOUND,validation,15min,RandomForest,52110,0.05434884500166962,0.1474575276162172
110N04167,EASTBOUND,validation,15min,RandomForest,52110,0.2283962456488738,0.4956369230706583
110N04168,EASTBOUND,validation,15min,RandomForest,52110,0.21931921182745162,0.4949794689769973
110N04169,EASTBOUND,validation,15min,RandomForest,52110,0.2205525821358019,0.6329468971765464
110N04170,EASTBOUND,validation,15min,RandomForest,52110,0.16115644362426101,0.5211063178708641
110N04171,EASTBOUND,validation,15min,RandomForest,52110,0.1285886232008183,0.4649202471955092
110N04172,EASTBOUND,validation,15min,RandomForest,52110,0.11264540158714902,0.3544570930213843
110N04173,EASTBOUND,validation,15min,RandomForest,52110,0.12146815983359002,0.3458677277477734
110P04163,WESTBOUND,validation,15min,RandomForest,52110,0.06993836778039753,0.17487640533507656
110P04164,WESTBOUND,validation,15min,RandomForest,52110,0.09080527012936294,0.2800988314560587
110P04165,WESTBOUND,validation,15min,RandomForest,52110,0.11112952895948616,0.4237821998375137
110P04166,WESTBOUND,validation,15min,RandomForest,52110,0.21499199749303963,0.6008490721608233
110P04167,WESTBOUND,validation,15min,RandomForest,52110,0.12289035664370392,0.41694529010255726
110P04168,WESTBOUND,validation,15min,RandomForest,52110,0.15335194249341325,0.4847237154707378
110P04169,WESTBOUND,validation,15min,RandomForest,52110,0.15388636750784712,0.33199389249025124
110P04170,WESTBOUND,validation,15min,RandomForest,52110,0.07416480771097635,0.19385162630032401
110P04171,WESTBOUND,validation,15min,RandomForest,52110,0.07215765977879855,0.16596578281538715
110P04172,WESTBOUND,validation,15min,RandomForest,52110,0.059244051972816375,0.15515006694284034
110P04173,WESTBOUND,validation,15min,RandomForest,52089,0.04304412786153824,0.09789111088784452
110+04164,WESTBOUND,test,15min,RandomForest,52911,0.0652760059616924,0.16663124099982865
110+04165,WESTBOUND,test,15min,RandomForest,52911,0.07862708426832651,0.2669924986162497
110+04166,WESTBOUND,test,15min,RandomForest,52964,0.14611158471284863,0.4414007927852091
110+04167,WESTBOUND,test,15min,RandomForest,52988,0.18132342167442203,0.45142824062645703
110+04168,WESTBOUND,test,15min,RandomForest,52972,0.15541180739313568,0.543376866702587
110+04169,WESTBOUND,test,15min,RandomForest,52972,0.15894389403332937,0.3955224046148846
110+04170,WESTBOUND,test,15min,RandomForest,52972,0.1112942342626724,0.24234363783207477
110+04171,WESTBOUND,test,15min,RandomForest,52972,0.0633667029802703,0.17656743377486583
110+04172,WESTBOUND,test,15min,RandomForest,52988,0.05725280723738503,0.14668769909768276
110+04173,WESTBOUND,test,15min,RandomForest,52988,0.03951134567121087,0.1205006729818512
110-04163,EASTBOUND,test,15min,RandomForest,52988,0.11689018252587476,0.34023178032149937
110-04164,EASTBOUND,test,15min,RandomForest,52988,0.07105211281151909,0.2289180450211354
110-04165,EASTBOUND,test,15min,RandomForest,52988,0.05168606056262495,0.15142233087763457
110-04166,EASTBOUND,test,15min,RandomForest,52988,0.11598226540967577,0.22133161107401486
110-04167,EASTBOUND,test,15min,RandomForest,52988,0.23182771293061083,0.5123489584516808
110-04168,EASTBOUND,test,15min,RandomForest,52988,0.17898102917366696,0.4356792469527503
110-04169,EASTBOUND,test,15min,RandomForest,52988,0.17758886267809226,0.5404559466697929
110-04170,EASTBOUND,test,15min,RandomForest,52988,0.12744531497757788,0.40143375561361394
110-04171,EASTBOUND,test,15min,RandomForest,52988,0.11066152374216441,0.33249632667477935
110-04172,EASTBOUND,test,15min,RandomForest,52967,0.08019774854453911,0.23102376242670972
110N04164,EASTBOUND,test,15min,RandomForest,52988,0.12419425241787545,0.3726410130207527
110N04165,EASTBOUND,test,15min,RandomForest,52988,0.059179962341714215,0.2715588100178569
110N04166,EASTBOUND,test,15min,RandomForest,52988,0.051543270023227485,0.12607579778552866
110N04167,EASTBOUND,test,15min,RandomForest,52988,0.24256592594461676,0.5223274157239229
110N04168,EASTBOUND,test,15min,RandomForest,52988,0.22702116379968224,0.514492715615866
110N04169,EASTBOUND,test,15min,RandomForest,52988,0.20510533356694452,0.6023432239196348
110N04170,EASTBOUND,test,15min,RandomForest,52988,0.14520473787443194,0.4557223494397343
110N04171,EASTBOUND,test,15min,RandomForest,52988,0.11555747315603287,0.35629785068499514
110N04172,EASTBOUND,test,15min,RandomForest,52967,0.10452905817529366,0.30530211421753956
110N04173,EASTBOUND,test,15min,RandomForest,52967,0.11511471077024531,0.29469829809408393
110P04163,WESTBOUND,test,15min,RandomForest,52900,0.06672912712605002,0.2178408463380896
110P04164,WESTBOUND,test,15min,RandomForest,52911,0.0739761635099306,0.19151998589634975
110P04165,WESTBOUND,test,15min,RandomForest,52964,0.0949397979667728,0.3865646942769695
110P04166,WESTBOUND,test,15min,RandomForest,52964,0.22288130650603363,0.6373754216881641
110P04167,WESTBOUND,test,15min,RandomForest,52972,0.15245606519534868,0.5394935103684436
110P04168,WESTBOUND,test,15min,RandomForest,52972,0.15105407506439675,0.5180497079149615
110P04169,WESTBOUND,test,15min,RandomForest,52972,0.1680130230358667,0.4163951542822326
110P04170,WESTBOUND,test,15min,RandomForest,52972,0.0647222946726512,0.17091534278950407
110P04171,WESTBOUND,test,15min,RandomForest,52972,0.06185736264070383,0.17231641647032941
110P04172,WESTBOUND,test,15min,RandomForest,52988,0.05257207411496016,0.13014964011429628
110P04173,WESTBOUND,test,15min,RandomForest,52988,0.043504920776679556,0.12670706050558594
110+04164,WESTBOUND,validation,15min,XGBoost,52110,0.07306644013576992,0.2052451160919379
110+04165,WESTBOUND,validation,15min,XGBoost,52110,0.08526635083776907,0.25623467741469924
110+04166,WESTBOUND,validation,15min,XGBoost,52110,0.15188366983086626,0.45135212125692065
110+04167,WESTBOUND,validation,15min,XGBoost,52110,0.1545544045920563,0.351869523075341
110+04168,WESTBOUND,validation,15min,XGBoost,52110,0.15391938546588205,0.5258480908436772
110+04169,WESTBOUND,validation,15min,XGBoost,52110,0.1676311912318487,0.3985417417813609
110+04170,WESTBOUND,validation,15min,XGBoost,52110,0.10778579190409554,0.23389452215069725
110+04171,WESTBOUND,validation,15min,XGBoost,52110,0.07502515825328111,0.1857280407041271
110+04172,WESTBOUND,validation,15min,XGBoost,52110,0.06714157955385062,0.1562353556542129
110+04173,WESTBOUND,validation,15min,XGBoost,52110,0.042752763249116525,0.10827437757593629
110-04163,EASTBOUND,validation,15min,XGBoost,52110,0.12323345558094956,0.3414864636556153
110-04164,EASTBOUND,validation,15min,XGBoost,52110,0.09195388416910567,0.2751973765133963
110-04165,EASTBOUND,validation,15min,XGBoost,52110,0.05196632759498067,0.13393823189222726
110-04166,EASTBOUND,validation,15min,XGBoost,52110,0.11179359091456557,0.2066710051680139
110-04167,EASTBOUND,validation,15min,XGBoost,52110,0.22545250968546188,0.49682878253712914
110-04168,EASTBOUND,validation,15min,XGBoost,52110,0.18512570748148632,0.43463970772849353
110-04169,EASTBOUND,validation,15min,XGBoost,52110,0.1904126837444887,0.5791753100590116
110-04170,EASTBOUND,validation,15min,XGBoost,52110,0.1424567070110684,0.4998148423208614
110-04171,EASTBOUND,validation,15min,XGBoost,52110,0.12094173519439949,0.3942544910119414
110-04172,EASTBOUND,validation,15min,XGBoost,52110,0.08856153884433378,0.2827681970307261
110N04164,EASTBOUND,validation,15min,XGBoost,52110,0.14501973151684067,0.419609768341953
110N04165,EASTBOUND,validation,15min,XGBoost,52110,0.061148769477829774,0.20912969254568217
110N04166,EASTBOUND,validation,15min,XGBoost,52110,0.054140475670901626,0.1466330405493046
110N04167,EASTBOUND,validation,15min,XGBoost,52110,0.23159850231867324,0.4988326880420348
110N04168,EASTBOUND,validation,15min,XGBoost,52110,0.22153971852448778,0.4964080460066448
110N04169,EASTBOUND,validation,15min,XGBoost,52110,0.21631788000816143,0.6214547775920166
110N04170,EASTBOUND,validation,15min,XGBoost,52110,0.15979611686536968,0.5196984257080421
110N04171,EASTBOUND,validation,15min,XGBoost,52110,0.1282355303431879,0.47342205011105953
110N04172,EASTBOUND,validation,15min,XGBoost,52110,0.1129288773409582,0.3551374328372332
110N04173,EASTBOUND,validation,15min,XGBoost,52110,0.11991210548411631,0.34390201568741924
110P04163,WESTBOUND,validation,15min,XGBoost,52110,0.06983221396037356,0.17170467616254542
110P04164,WESTBOUND,validation,15min,XGBoost,52110,0.09187952225650703,0.2794374315016074
110P04165,WESTBOUND,validation,15min,XGBoost,52110,0.11055307128135257,0.4211380329794848
110P04166,WESTBOUND,validation,15min,XGBoost,52110,0.21376413970396924,0.6043479749154343
110P04167,WESTBOUND,validation,15min,XGBoost,52110,0.12181927202076644,0.4082458479702393
110P04168,WESTBOUND,validation,15min,XGBoost,52110,0.1543480611115094,0.4865965423065006
110P04169,WESTBOUND,validation,15min,XGBoost,52110,0.15576960394477643,0.3346737985101048
110P04170,WESTBOUND,validation,15min,XGBoost,52110,0.0739900031955528,0.19357543473562833
110P04171,WESTBOUND,validation,15min,XGBoost,52110,0.07249654526295589,0.16835257111663
110P04172,WESTBOUND,validation,15min,XGBoost,52110,0.061266939700299484,0.1631155960363784
110P04173,WESTBOUND,validation,15min,XGBoost,52089,0.04424574442995818,0.09619607014907001
110+04164,WESTBOUND,test,15min,XGBoost,52911,0.06707617757995188,0.24704359388564018
110+04165,WESTBOUND,test,15min,XGBoost,52911,0.07864921663125435,0.26814649022737713
110+04166,WESTBOUND,test,15min,XGBoost,52964,0.14574835204335132,0.44043155613433155
110+04167,WESTBOUND,test,15min,XGBoost,52988,0.17579546947481167,0.42692279649713505
110+04168,WESTBOUND,test,15min,XGBoost,52972,0.15562259121297917,0.5438498655563606
110+04169,WESTBOUND,test,15min,XGBoost,52972,0.16597474405763288,0.40678407858346277
110+04170,WESTBOUND,test,15min,XGBoost,52972,0.11285454286341948,0.24683039783903843
110+04171,WESTBOUND,test,15min,XGBoost,52972,0.06343128725200713,0.16608689927703194
110+04172,WESTBOUND,test,15min,XGBoost,52988,0.05853892332174588,0.1405034109458798
110+04173,WESTBOUND,test,15min,XGBoost,52988,0.04007208100016131,0.11513667772556936
110-04163,EASTBOUND,test,15min,XGBoost,52988,0.11411517293765039,0.33283283601482516
110-04164,EASTBOUND,test,15min,XGBoost,52988,0.0734965783484226,0.2943142261326577
110-04165,EASTBOUND,test,15min,XGBoost,52988,0.05363664979765721,0.20161356510598374
110-04166,EASTBOUND,test,15min,XGBoost,52988,0.11938840190228919,0.22322233601566024
110-04167,EASTBOUND,test,15min,XGBoost,52988,0.232113128453233,0.5081503094295736
110-04168,EASTBOUND,test,15min,XGBoost,52988,0.1779140509681464,0.43075440042383306
110-04169,EASTBOUND,test,15min,XGBoost,52988,0.17605410231639926,0.5368230674446964
110-04170,EASTBOUND,test,15min,XGBoost,52988,0.1260182290969175,0.3956747963458431
110-04171,EASTBOUND,test,15min,XGBoost,52988,0.10940978393363218,0.3237898754973845
110-04172,EASTBOUND,test,15min,XGBoost,52967,0.07963012218166544,0.22781369272824628
110N04164,EASTBOUND,test,15min,XGBoost,52988,0.12300974108212519,0.3646823634260004
110N04165,EASTBOUND,test,15min,XGBoost,52988,0.05950391355621733,0.2666502747554715
110N04166,EASTBOUND,test,15min,XGBoost,52988,0.05197564786383987,0.1291164982624556
110N04167,EASTBOUND,test,15min,XGBoost,52988,0.2434133830040712,0.5209563590606141
110N04168,EASTBOUND,test,15min,XGBoost,52988,0.22634823383720512,0.50903674781299
110N04169,EASTBOUND,test,15min,XGBoost,52988,0.2005644461459716,0.5899316779401469
110N04170,EASTBOUND,test,15min,XGBoost,52988,0.14359134742328541,0.45018950940985386
110N04171,EASTBOUND,test,15min,XGBoost,52988,0.11395604926267965,0.3468642952976642
110N04172,EASTBOUND,test,15min,XGBoost,52967,0.10357996428320698,0.29803054405276186
110N04173,EASTBOUND,test,15min,XGBoost,52967,0.11283301548050774,0.28880424169811625
110P04163,WESTBOUND,test,15min,XGBoost,52900,0.06633101782414555,0.2133776523156157
110P04164,WESTBOUND,test,15min,XGBoost,52911,0.0737346270843478,0.18996753993337648
110P04165,WESTBOUND,test,15min,XGBoost,52964,0.09483943532213636,0.3886064685898661
110P04166,WESTBOUND,test,15min,XGBoost,52964,0.21984205387618522,0.6298929142934134
110P04167,WESTBOUND,test,15min,XGBoost,52972,0.1457935409347815,0.5090919880493144
110P04168,WESTBOUND,test,15min,XGBoost,52972,0.15165133143886833,0.518123250828501
110P04169,WESTBOUND,test,15min,XGBoost,52972,0.17146155297644677,0.4332139433789323
110P04170,WESTBOUND,test,15min,XGBoost,52972,0.06470878481214289,0.16184796736566298
110P04171,WESTBOUND,test,15min,XGBoost,52972,0.06234313321198427,0.16178407437288947
110P04172,WESTBOUND,test,15min,XGBoost,52988,0.05411242444378706,0.12477796829875278
110P04173,WESTBOUND,test,15min,XGBoost,52988,0.04465751368271777,0.12644628511734216
110+04164,WESTBOUND,validation,30min,Persistence,52110,0.08678240127318566,0.26765523820013143
110+04165,WESTBOUND,validation,30min,Persistence,52110,0.09951274275121093,0.3290665711388764
110+04166,WESTBOUND,validation,30min,Persistence,52110,0.2059398599536395,0.6196214694823854
110+04167,WESTBOUND,validation,30min,Persistence,52110,0.20750264190584367,0.48315128953860637
110+04168,WESTBOUND,validation,30min,Persistence,52110,0.21765866578366191,0.7608476194966307
110+04169,WESTBOUND,validation,30min,Persistence,52110,0.22585057375906273,0.5527760964905394
110+04170,WESTBOUND,validation,30min,Persistence,52110,0.128098349650826,0.28013859819198617
110+04171,WESTBOUND,validation,30min,Persistence,52110,0.08160249230063764,0.21685025642593417
110+04172,WESTBOUND,validation,30min,Persistence,52110,0.07161059144451581,0.18493821607233948
110+04173,WESTBOUND,validation,30min,Persistence,52110,0.046788081908491014,0.1336651163837168
110-04163,EASTBOUND,validation,30min,Persistence,52110,0.14805734584928437,0.44286692409995115
110-04164,EASTBOUND,validation,30min,Persistence,52110,0.11119844659740745,0.3566463905768599
110-04165,EASTBOUND,validation,30min,Persistence,52110,0.05880762751044443,0.16253349613253043
110-04166,EASTBOUND,validation,30min,Persistence,52110,0.13302552818104715,0.25416143374525085
110-04167,EASTBOUND,validation,30min,Persistence,52110,0.28926731572108766,0.6330828879675279
110-04168,EASTBOUND,validation,30min,Persistence,52110,0.25203344364257274,0.5845376813755998
110-04169,EASTBOUND,validation,30min,Persistence,52110,0.24880700002905876,0.7552185593638164
110-04170,EASTBOUND,validation,30min,Persistence,52110,0.18843136807439237,0.646352153851831
110-04171,EASTBOUND,validation,30min,Persistence,52110,0.15964971367304057,0.5115762385556475
110-04172,EASTBOUND,validation,30min,Persistence,52110,0.11529920207679169,0.375634340965603
110N04164,EASTBOUND,validation,30min,Persistence,52110,0.1789246420117724,0.5460256526624203
110N04165,EASTBOUND,validation,30min,Persistence,52110,0.07100943434185619,0.24416433575916097
110N04166,EASTBOUND,validation,30min,Persistence,52110,0.05919970021375735,0.1726538510898275
110N04167,EASTBOUND,validation,30min,Persistence,52110,0.29224231627674147,0.6337977322087951
110N04168,EASTBOUND,validation,30min,Persistence,52110,0.28713209658727273,0.6388717662506268
110N04169,EASTBOUND,validation,30min,Persistence,52110,0.2837458021818138,0.8159433084556061
110N04170,EASTBOUND,validation,30min,Persistence,52110,0.21180044622539976,0.6826363538409482
110N04171,EASTBOUND,validation,30min,Persistence,52110,0.17016604077960426,0.6130580895329737
110N04172,EASTBOUND,validation,30min,Persistence,52110,0.14828191605328397,0.46438401883933295
110N04173,EASTBOUND,validation,30min,Persistence,52110,0.1515728159313813,0.457047506945934
110P04163,WESTBOUND,validation,30min,Persistence,52110,0.0824284669367496,0.2333612770052984
110P04164,WESTBOUND,validation,30min,Persistence,52110,0.10339061226840941,0.3470568082118123
110P04165,WESTBOUND,validation,30min,Persistence,52110,0.13824006875183978,0.5470889107349483
110P04166,WESTBOUND,validation,30min,Persistence,52110,0.2924838504966322,0.8184754569653812
110P04167,WESTBOUND,validation,30min,Persistence,52110,0.16969240617398001,0.5883016500736246
110P04168,WESTBOUND,validation,30min,Persistence,52110,0.21565334282862209,0.6944817702435956
110P04169,WESTBOUND,validation,30min,Persistence,52110,0.19459788155101898,0.42270820538056847
110P04170,WESTBOUND,validation,30min,Persistence,52110,0.08113646729018824,0.22976506822484216
110P04171,WESTBOUND,validation,30min,Persistence,52110,0.07812636756595444,0.19544638949835186
110P04172,WESTBOUND,validation,30min,Persistence,52110,0.06526660629801925,0.1987662177601838
110P04173,WESTBOUND,validation,30min,Persistence,52089,0.04991610693636391,0.11561495662848482
110+04164,WESTBOUND,test,30min,Persistence,52911,0.07371159132143214,0.2012664253562284
110+04165,WESTBOUND,test,30min,Persistence,52911,0.09287428667570814,0.33088182291047413
110+04166,WESTBOUND,test,30min,Persistence,52964,0.19407205810952452,0.5921448295741325
110+04167,WESTBOUND,test,30min,Persistence,52988,0.23348196938744445,0.5756436029212881
110+04168,WESTBOUND,test,30min,Persistence,52972,0.21455813172239976,0.775650928990515
110+04169,WESTBOUND,test,30min,Persistence,52972,0.22321472551945468,0.5607049480290401
110+04170,WESTBOUND,test,30min,Persistence,52972,0.13938734761355273,0.31756079012385635
110+04171,WESTBOUND,test,30min,Persistence,52972,0.06980741921713887,0.20412657348757027
110+04172,WESTBOUND,test,30min,Persistence,52988,0.06305815644630725,0.17126312900495513
110+04173,WESTBOUND,test,30min,Persistence,52988,0.04431692178641533,0.15431029205271868
110-04163,EASTBOUND,test,30min,Persistence,52988,0.12987835848816812,0.4070240646457964
110-04164,EASTBOUND,test,30min,Persistence,52988,0.08289169942175023,0.29401345717976624
110-04165,EASTBOUND,test,30min,Persistence,52988,0.058827999302726135,0.18282671502208675
110-04166,EASTBOUND,test,30min,Persistence,52988,0.1394021478957047,0.2733733583598639
110-04167,EASTBOUND,test,30min,Persistence,52988,0.29482479525119704,0.6450528770763646
110-04168,EASTBOUND,test,30min,Persistence,52988,0.23737506069943387,0.5723439698085002
110-04169,EASTBOUND,test,30min,Persistence,52988,0.2290382366507503,0.7022342910673066
110-04170,EASTBOUND,test,30min,Persistence,52988,0.16695449040030025,0.5276819467434485
110-04171,EASTBOUND,test,30min,Persistence,52988,0.14534685735216585,0.44202545697089657
110-04172,EASTBOUND,test,30min,Persistence,52967,0.10244080851585564,0.30742608666520976
110N04164,EASTBOUND,test,30min,Persistence,52988,0.1455321751818184,0.4553954625545695
110N04165,EASTBOUND,test,30min,Persistence,52988,0.07038916877107858,0.35143944600957716
110N04166,EASTBOUND,test,30min,Persistence,52988,0.05625815501230129,0.15790143754828334
110N04167,EASTBOUND,test,30min,Persistence,52988,0.30147929704839116,0.649539571077506
110N04168,EASTBOUND,test,30min,Persistence,52988,0.28847497667782834,0.6489735605454132
110N04169,EASTBOUND,test,30min,Persistence,52988,0.2604849311267715,0.7690123522605987
110N04170,EASTBOUND,test,30min,Persistence,52988,0.1902770277981681,0.5981779451820736
110N04171,EASTBOUND,test,30min,Persistence,52988,0.15141670381328068,0.4693906473723256
110N04172,EASTBOUND,test,30min,Persistence,52967,0.13669951592847057,0.40976693901405176
110N04173,EASTBOUND,test,30min,Persistence,52967,0.13956023819077265,0.3765774702830622
110P04163,WESTBOUND,test,30min,Persistence,52900,0.07600510497757694,0.2822347649898858
110P04164,WESTBOUND,test,30min,Persistence,52911,0.0837718097985385,0.22609696401487894
110P04165,WESTBOUND,test,30min,Persistence,52964,0.1149181230857721,0.4963236045282725
110P04166,WESTBOUND,test,30min,Persistence,52964,0.30329369872356654,0.8551024906798164
110P04167,WESTBOUND,test,30min,Persistence,52972,0.18954136077469302,0.6861865865000167
110P04168,WESTBOUND,test,30min,Persistence,52972,0.21004699968723684,0.7306962613272785
110P04169,WESTBOUND,test,30min,Persistence,52972,0.21912711234031293,0.5616077880123861
110P04170,WESTBOUND,test,30min,Persistence,52972,0.07174372691731261,0.19385961898269843
110P04171,WESTBOUND,test,30min,Persistence,52972,0.06786342982347744,0.20051641418336671
110P04172,WESTBOUND,test,30min,Persistence,52988,0.0579382297646501,0.1547732446784629
110P04173,WESTBOUND,test,30min,Persistence,52988,0.05219637742526055,0.17237768240851153
110+04164,WESTBOUND,validation,30min,LinearRegression,52110,0.08882277006102111,0.2406113981510516
110+04165,WESTBOUND,validation,30min,LinearRegression,52110,0.0945807850720273,0.29014613002995965
110+04166,WESTBOUND,validation,30min,LinearRegression,52110,0.1946229543247387,0.5459662259295828
110+04167,WESTBOUND,validation,30min,LinearRegression,52110,0.20394582805305309,0.44021752850986856
110+04168,WESTBOUND,validation,30min,LinearRegression,52110,0.2269967010443376,0.7107425681522359
110+04169,WESTBOUND,validation,30min,LinearRegression,52110,0.248249151692812,0.5648428658812362
110+04170,WESTBOUND,validation,30min,LinearRegression,52110,0.12884590639580404,0.25442620206387156
110+04171,WESTBOUND,validation,30min,LinearRegression,52110,0.08076457368355136,0.18763471452601327
110+04172,WESTBOUND,validation,30min,LinearRegression,52110,0.07049990897589815,0.16132814120430167
110+04173,WESTBOUND,validation,30min,LinearRegression,52110,0.061101130400174855,0.12535976558890177
110-04163,EASTBOUND,validation,30min,LinearRegression,52110,0.13332051446781676,0.37608094446564644
110-04164,EASTBOUND,validation,30min,LinearRegression,52110,0.11061691624309568,0.3079116830487969
110-04165,EASTBOUND,validation,30min,LinearRegression,52110,0.0698460874647683,0.14565745900850888
110-04166,EASTBOUND,validation,30min,LinearRegression,52110,0.14727466292482191,0.25305979980070753
110-04167,EASTBOUND,validation,30min,LinearRegression,52110,0.33291664285015965,0.6793046273030074
110-04168,EASTBOUND,validation,30min,LinearRegression,52110,0.29119540367358027,0.6394691143612564
110-04169,EASTBOUND,validation,30min,LinearRegression,52110,0.2702684789008044,0.7582100079029517
110-04170,EASTBOUND,validation,30min,LinearRegression,52110,0.19832941108996538,0.6212151342368933
110-04171,EASTBOUND,validation,30min,LinearRegression,52110,0.16599244232061738,0.4960505536414253
110-04172,EASTBOUND,validation,30min,LinearRegression,52110,0.12198854479686129,0.36172612729598236
110N04164,EASTBOUND,validation,30min,LinearRegression,52110,0.15527768941377454,0.46684838529202605
110N04165,EASTBOUND,validation,30min,LinearRegression,52110,0.08036883258402518,0.2072822755706601
110N04166,EASTBOUND,validation,30min,LinearRegression,52110,0.06937239682315338,0.15713936167262074
110N04167,EASTBOUND,validation,30min,LinearRegression,52110,0.34380318990010345,0.6860703652035564
110N04168,EASTBOUND,validation,30min,LinearRegression,52110,0.3324420640422236,0.6852836295397995
110N04169,EASTBOUND,validation,30min,LinearRegression,52110,0.31109669793471145,0.8251001998862331
110N04170,EASTBOUND,validation,30min,LinearRegression,52110,0.2265376738708942,0.671475322225833
110N04171,EASTBOUND,validation,30min,LinearRegression,52110,0.1787467264206771,0.5807386941159056
110N04172,EASTBOUND,validation,30min,LinearRegression,52110,0.1540593314190086,0.45072030155638865
110N04173,EASTBOUND,validation,30min,LinearRegression,52110,0.14998912882258045,0.43082308971085326
110P04163,WESTBOUND,validation,30min,LinearRegression,52110,0.08280574793812223,0.2058919393405292
110P04164,WESTBOUND,validation,30min,LinearRegression,52110,0.09575242434965157,0.30441585688787903
110P04165,WESTBOUND,validation,30min,LinearRegression,52110,0.135724012693925,0.4657881978284277
110P04166,WESTBOUND,validation,30min,LinearRegression,52110,0.28429099745511716,0.7313123751184204
110P04167,WESTBOUND,validation,30min,LinearRegression,52110,0.1689521506810158,0.540948752638138
110P04168,WESTBOUND,validation,30min,LinearRegression,52110,0.22229211575826133,0.6553441728040369
110P04169,WESTBOUND,validation,30min,LinearRegression,52110,0.1996727521982954,0.40477944260927795
110P04170,WESTBOUND,validation,30min,LinearRegression,52110,0.08221509774415088,0.19872176817367512
110P04171,WESTBOUND,validation,30min,LinearRegression,52110,0.07627431959028574,0.16997496117981353
110P04172,WESTBOUND,validation,30min,LinearRegression,52110,0.06545359809370578,0.17207458824035413
110P04173,WESTBOUND,validation,30min,LinearRegression,52089,0.06573022067022717,0.11174006313027145
110+04164,WESTBOUND,test,30min,LinearRegression,52911,0.08628954907547096,0.17906307711744493
110+04165,WESTBOUND,test,30min,LinearRegression,52911,0.09931672800679273,0.2914346578359919
110+04166,WESTBOUND,test,30min,LinearRegression,52964,0.180655567274381,0.5106150489290456
110+04167,WESTBOUND,test,30min,LinearRegression,52988,0.23057045649125113,0.5431949602120527
110+04168,WESTBOUND,test,30min,LinearRegression,52972,0.22737298255231983,0.7349364603007282
110+04169,WESTBOUND,test,30min,LinearRegression,52972,0.24365128943443967,0.5720799676533626
110+04170,WESTBOUND,test,30min,LinearRegression,52972,0.1367791220261899,0.2893898843287086
110+04171,WESTBOUND,test,30min,LinearRegression,52972,0.07093767778113616,0.17199316580657437
110+04172,WESTBOUND,test,30min,LinearRegression,52988,0.06334905729790462,0.14471498158129092
110+04173,WESTBOUND,test,30min,LinearRegression,52988,0.05956553492464118,0.1378480216130682
110-04163,EASTBOUND,test,30min,LinearRegression,52988,0.1184473049255401,0.3539357941976423
110-04164,EASTBOUND,test,30min,LinearRegression,52988,0.09970247688102875,0.26512096209211544
110-04165,EASTBOUND,test,30min,LinearRegression,52988,0.07286052940883679,0.16664670914172797
110-04166,EASTBOUND,test,30min,LinearRegression,52988,0.1572075803238393,0.27518632271193255
110-04167,EASTBOUND,test,30min,LinearRegression,52988,0.34826640912699836,0.7032364723644953
110-04168,EASTBOUND,test,30min,LinearRegression,52988,0.2877065612081437,0.6446253882577772
110-04169,EASTBOUND,test,30min,LinearRegression,52988,0.2535766284433992,0.71284148989853
110-04170,EASTBOUND,test,30min,LinearRegression,52988,0.1762005374499165,0.5102681703631571
110-04171,EASTBOUND,test,30min,LinearRegression,52988,0.15285000026905635,0.4346239489706053
110-04172,EASTBOUND,test,30min,LinearRegression,52967,0.11349405118298435,0.3036638916983807
110N04164,EASTBOUND,test,30min,LinearRegression,52988,0.12681683499044413,0.3867181346389926
110N04165,EASTBOUND,test,30min,LinearRegression,52988,0.08332778245189443,0.2902031331816698
110N04166,EASTBOUND,test,30min,LinearRegression,52988,0.06849082072850166,0.14648897335446925
110N04167,EASTBOUND,test,30min,LinearRegression,52988,0.36157683245417005,0.7114451430304456
110N04168,EASTBOUND,test,30min,LinearRegression,52988,0.34383875038643835,0.7086244854880452
110N04169,EASTBOUND,test,30min,LinearRegression,52988,0.2942144308762881,0.7936244355660128
110N04170,EASTBOUND,test,30min,LinearRegression,52988,0.20378528855052752,0.5857056716625049
110N04171,EASTBOUND,test,30min,LinearRegression,52988,0.16030372781880114,0.45863715171235775
110N04172,EASTBOUND,test,30min,LinearRegression,52967,0.14363563104844085,0.4037361838760583
110N04173,EASTBOUND,test,30min,LinearRegression,52967,0.13788474090833583,0.3522664607451099
110P04163,WESTBOUND,test,30min,LinearRegression,52900,0.07586768856697351,0.23503277196881206
110P04164,WESTBOUND,test,30min,LinearRegression,52911,0.08285728319984835,0.19299873655898603
110P04165,WESTBOUND,test,30min,LinearRegression,52964,0.12064713106625923,0.41343138008132635
110P04166,WESTBOUND,test,30min,LinearRegression,52964,0.2908285171832496,0.7566457875491676
110P04167,WESTBOUND,test,30min,LinearRegression,52972,0.20320983960812414,0.6712298762271308
110P04168,WESTBOUND,test,30min,LinearRegression,52972,0.2148009349209142,0.6900920355734437
110P04169,WESTBOUND,test,30min,LinearRegression,52972,0.21987310996925216,0.5198952583906263
110P04170,WESTBOUND,test,30min,LinearRegression,52972,0.07363296363750543,0.16580591358553826
110P04171,WESTBOUND,test,30min,LinearRegression,52972,0.06784342016034002,0.1676803610874537
110P04172,WESTBOUND,test,30min,LinearRegression,52988,0.05884371057018184,0.13198078099871152
110P04173,WESTBOUND,test,30min,LinearRegression,52988,0.06802675701441327,0.15844712502204117
110+04164,WESTBOUND,validation,30min,RandomForest,52110,0.0838760976676252,0.2393976175196634
110+04165,WESTBOUND,validation,30min,RandomForest,52110,0.09909163479215828,0.2964345046532568
110+04166,WESTBOUND,validation,30min,RandomForest,52110,0.1851723866887704,0.5302611407736817
110+04167,WESTBOUND,validation,30min,RandomForest,52110,0.18874396497311016,0.4089500574866301
110+04168,WESTBOUND,validation,30min,RandomForest,52110,0.19503487840305556,0.6405944623156057
110+04169,WESTBOUND,validation,30min,RandomForest,52110,0.22379438084104816,0.5216912034791101
110+04170,WESTBOUND,validation,30min,RandomForest,52110,0.12470812486352113,0.25991548776178025
110+04171,WESTBOUND,validation,30min,RandomForest,52110,0.08636587698284728,0.2027971990238129
110+04172,WESTBOUND,validation,30min,RandomForest,52110,0.07704218405495669,0.17458021068267898
110+04173,WESTBOUND,validation,30min,RandomForest,52110,0.05307802244917823,0.1272223894472478
110-04163,EASTBOUND,validation,30min,RandomForest,52110,0.13884251253404153,0.3673437102235669
110-04164,EASTBOUND,validation,30min,RandomForest,52110,0.10818172930027416,0.310956428981202
110-04165,EASTBOUND,validation,30min,RandomForest,52110,0.06408122631157001,0.15195736994572978
110-04166,EASTBOUND,validation,30min,RandomForest,52110,0.12775478120856576,0.23576187758614603
110-04167,EASTBOUND,validation,30min,RandomForest,52110,0.27534812515821755,0.5921949125782219
110-04168,EASTBOUND,validation,30min,RandomForest,52110,0.23553033245438398,0.5480950281884815
110-04169,EASTBOUND,validation,30min,RandomForest,52110,0.22993746103703327,0.6772215196605773
110-04170,EASTBOUND,validation,30min,RandomForest,52110,0.16590400219391907,0.5582747686351462
110-04171,EASTBOUND,validation,30min,RandomForest,52110,0.14134849610156464,0.44558152659313666
110-04172,EASTBOUND,validation,30min,RandomForest,52110,0.10599043581126565,0.3355978339785005
110N04164,EASTBOUND,validation,30min,RandomForest,52110,0.1641006146172743,0.46210398983875844
110N04165,EASTBOUND,validation,30min,RandomForest,52110,0.06961939202783442,0.20750087954171975
110N04166,EASTBOUND,validation,30min,RandomForest,52110,0.0665341942061457,0.1644447396283192
110N04167,EASTBOUND,validation,30min,RandomForest,52110,0.28384670036462395,0.5993821053896911
110N04168,EASTBOUND,validation,30min,RandomForest,52110,0.2735440966313592,0.5981675437718607
110N04169,EASTBOUND,validation,30min,RandomForest,52110,0.2678712209397595,0.7450858117003264
110N04170,EASTBOUND,validation,30min,RandomForest,52110,0.1881301113395534,0.592454090060924
110N04171,EASTBOUND,validation,30min,RandomForest,52110,0.148917470232126,0.5237709233037088
110N04172,EASTBOUND,validation,30min,RandomForest,52110,0.13300492874553885,0.4059771936370259
110N04173,EASTBOUND,validation,30min,RandomForest,52110,0.14092087698833472,0.40555197341691746
110P04163,WESTBOUND,validation,30min,RandomForest,52110,0.08016638781510238,0.20051361603214252
110P04164,WESTBOUND,validation,30min,RandomForest,52110,0.10533120873916457,0.3108038610051272
110P04165,WESTBOUND,validation,30min,RandomForest,52110,0.124117534881246,0.4575101923001907
110P04166,WESTBOUND,validation,30min,RandomForest,52110,0.2635128535057482,0.6971187225299154
110P04167,WESTBOUND,validation,30min,RandomForest,52110,0.14704346572642218,0.4766878706059561
110P04168,WESTBOUND,validation,30min,RandomForest,52110,0.19823577565200884,0.5960609631443158
110P04169,WESTBOUND,validation,30min,RandomForest,52110,0.18762776837275955,0.3895610368767225
110P04170,WESTBOUND,validation,30min,RandomForest,52110,0.08561773505715302,0.21173853748470944
110P04171,WESTBOUND,validation,30min,RandomForest,52110,0.08318028905077018,0.18621554082823144
110P04172,WESTBOUND,validation,30min,RandomForest,52110,0.07104512119397964,0.17816694626579924
110P04173,WESTBOUND,validation,30min,RandomForest,52089,0.05089636973627099,0.10810277279714518
110+04164,WESTBOUND,test,30min,RandomForest,52911,0.0749584070091397,0.1788331012088439
110+04165,WESTBOUND,test,30min,RandomForest,52911,0.08933157345901355,0.29538549635706474
110+04166,WESTBOUND,test,30min,RandomForest,52964,0.17149504690321443,0.4976627350180213
110+04167,WESTBOUND,test,30min,RandomForest,52988,0.22066963914070192,0.5362188589679452
110+04168,WESTBOUND,test,30min,RandomForest,52972,0.19870378365031813,0.6741357991119871
110+04169,WESTBOUND,test,30min,RandomForest,52972,0.22115540119257376,0.5350051624821209
110+04170,WESTBOUND,test,30min,RandomForest,52972,0.13232404808124237,0.288498681631616
110+04171,WESTBOUND,test,30min,RandomForest,52972,0.07379987388476136,0.18297913896396648
110+04172,WESTBOUND,test,30min,RandomForest,52988,0.06757376403257728,0.15367164086183474
110+04173,WESTBOUND,test,30min,RandomForest,52988,0.050457790749284546,0.1358920825576341
110-04163,EASTBOUND,test,30min,RandomForest,52988,0.12845453147070932,0.35321524639929536
110-04164,EASTBOUND,test,30min,RandomForest,52988,0.08280701123618318,0.2607286646015853
110-04165,EASTBOUND,test,30min,RandomForest,52988,0.06306179019142194,0.16727732284240332
110-04166,EASTBOUND,test,30min,RandomForest,52988,0.13657242277148576,0.2532141120457261
110-04167,EASTBOUND,test,30min,RandomForest,52988,0.2895290052479563,0.6174546749363993
110-04168,EASTBOUND,test,30min,RandomForest,52988,0.22958616394296177,0.5526632726980408
110-04169,EASTBOUND,test,30min,RandomForest,52988,0.21471317669414397,0.6341950468660856
110-04170,EASTBOUND,test,30min,RandomForest,52988,0.14671593958675136,0.4487356378779977
110-04171,EASTBOUND,test,30min,RandomForest,52988,0.1293735742884547,0.3818164210898509
110-04172,EASTBOUND,test,30min,RandomForest,52967,0.09517112509164308,0.27083180851331123
110N04164,EASTBOUND,test,30min,RandomForest,52988,0.13872550109252332,0.392268223686279
110N04165,EASTBOUND,test,30min,RandomForest,52988,0.068423314357021,0.2765432590646429
110N04166,EASTBOUND,test,30min,RandomForest,52988,0.06382492024183219,0.14612271387467865
110N04167,EASTBOUND,test,30min,RandomForest,52988,0.30259117459097895,0.6280520842990188
110N04168,EASTBOUND,test,30min,RandomForest,52988,0.2841645524839365,0.6223946605320264
110N04169,EASTBOUND,test,30min,RandomForest,52988,0.25207659227237106,0.7195943330896413
110N04170,EASTBOUND,test,30min,RandomForest,52988,0.16945167113435963,0.5145772292213331
110N04171,EASTBOUND,test,30min,RandomForest,52988,0.13408115818674665,0.40478080629241253
110N04172,EASTBOUND,test,30min,RandomForest,52967,0.12291293865750617,0.35375136611201585
110N04173,EASTBOUND,test,30min,RandomForest,52967,0.12880049644004787,0.318337042005156
110P04163,WESTBOUND,test,30min,RandomForest,52900,0.07779151645488112,0.2309534100116146
110P04164,WESTBOUND,test,30min,RandomForest,52911,0.08390246496184267,0.20140628182955206
110P04165,WESTBOUND,test,30min,RandomForest,52964,0.10698735133993852,0.40851754462098394
110P04166,WESTBOUND,test,30min,RandomForest,52964,0.27121635678698436,0.735996730896494
110P04167,WESTBOUND,test,30min,RandomForest,52972,0.18941487488052391,0.6528410094873779
110P04168,WESTBOUND,test,30min,RandomForest,52972,0.1933765756730272,0.6378477852284489
110P04169,WESTBOUND,test,30min,RandomForest,52972,0.20601424600252544,0.4960569704714227
110P04170,WESTBOUND,test,30min,RandomForest,52972,0.07521956732845046,0.1777878606156052
110P04171,WESTBOUND,test,30min,RandomForest,52972,0.07210351031891735,0.17794838629213208
110P04172,WESTBOUND,test,30min,RandomForest,52988,0.06356794427355088,0.13975211357892128
110P04173,WESTBOUND,test,30min,RandomForest,52988,0.05225858547370398,0.14839359353163545
110+04164,WESTBOUND,validation,30min,XGBoost,52110,0.08312459030194999,0.23399864996496697
110+04165,WESTBOUND,validation,30min,XGBoost,52110,0.09827057628809825,0.2885456394874746
110+04166,WESTBOUND,validation,30min,XGBoost,52110,0.1865270774292335,0.532352983545838
110+04167,WESTBOUND,validation,30min,XGBoost,52110,0.18890264538928575,0.40604343682246063
110+04168,WESTBOUND,validation,30min,XGBoost,52110,0.1955317296950034,0.6403334539892194
110+04169,WESTBOUND,validation,30min,XGBoost,52110,0.23066058890061023,0.5357294582180423
110+04170,WESTBOUND,validation,30min,XGBoost,52110,0.12769504944493368,0.26153437221385245
110+04171,WESTBOUND,validation,30min,XGBoost,52110,0.08720840496664108,0.19985377947377012
110+04172,WESTBOUND,validation,30min,XGBoost,52110,0.0795771829428748,0.17416610149866407
110+04173,WESTBOUND,validation,30min,XGBoost,52110,0.054886100252877816,0.12582810756995788
110-04163,EASTBOUND,validation,30min,XGBoost,52110,0.13779604259845338,0.366890836788097
110-04164,EASTBOUND,validation,30min,XGBoost,52110,0.1072302789004036,0.31106913740347514
110-04165,EASTBOUND,validation,30min,XGBoost,52110,0.06319435730947935,0.14798738225782293
110-04166,EASTBOUND,validation,30min,XGBoost,52110,0.13204813218263076,0.23791916390011306
110-04167,EASTBOUND,validation,30min,XGBoost,52110,0.28049101021693257,0.6001434874017818
110-04168,EASTBOUND,validation,30min,XGBoost,52110,0.23681105120590165,0.5471342053771127
110-04169,EASTBOUND,validation,30min,XGBoost,52110,0.23042253163183163,0.6741682463812948
110-04170,EASTBOUND,validation,30min,XGBoost,52110,0.16568508315786298,0.5623625592877884
110-04171,EASTBOUND,validation,30min,XGBoost,52110,0.14093657338001112,0.44545179167774224
110-04172,EASTBOUND,validation,30min,XGBoost,52110,0.10604557035277092,0.332926893453183
110N04164,EASTBOUND,validation,30min,XGBoost,52110,0.16343857443209722,0.45877005080798244
110N04165,EASTBOUND,validation,30min,XGBoost,52110,0.06975873077161163,0.20563607757713345
110N04166,EASTBOUND,validation,30min,XGBoost,52110,0.06513346963380505,0.15777740300128976
110N04167,EASTBOUND,validation,30min,XGBoost,52110,0.28930506035115644,0.6069921788299513
110N04168,EASTBOUND,validation,30min,XGBoost,52110,0.2777897195006353,0.6030067950438839
110N04169,EASTBOUND,validation,30min,XGBoost,52110,0.26836411052601694,0.7389052468703554
110N04170,EASTBOUND,validation,30min,XGBoost,52110,0.18805471197363247,0.5933263403625978
110N04171,EASTBOUND,validation,30min,XGBoost,52110,0.14845788580742345,0.5287259654447791
110N04172,EASTBOUND,validation,30min,XGBoost,52110,0.13280335781058172,0.40457400039162217
110N04173,EASTBOUND,validation,30min,XGBoost,52110,0.1393597330970931,0.4022032745491465
110P04163,WESTBOUND,validation,30min,XGBoost,52110,0.0797811642350305,0.19856175218899924
110P04164,WESTBOUND,validation,30min,XGBoost,52110,0.10460687403211823,0.30619469093295165
110P04165,WESTBOUND,validation,30min,XGBoost,52110,0.12369929276230815,0.45241501501954545
110P04166,WESTBOUND,validation,30min,XGBoost,52110,0.26176604562946587,0.6994890475766242
110P04167,WESTBOUND,validation,30min,XGBoost,52110,0.14871659090320358,0.4781146325374974
110P04168,WESTBOUND,validation,30min,XGBoost,52110,0.19857555776411268,0.5957365149595999
110P04169,WESTBOUND,validation,30min,XGBoost,52110,0.1912453502455908,0.39309990057418465
110P04170,WESTBOUND,validation,30min,XGBoost,52110,0.08702350309815556,0.2096143660188242
110P04171,WESTBOUND,validation,30min,XGBoost,52110,0.08481214786146228,0.1842083897228235
110P04172,WESTBOUND,validation,30min,XGBoost,52110,0.07379133820126858,0.179211334135048
110P04173,WESTBOUND,validation,30min,XGBoost,52089,0.053090435469891,0.10707583310041006
110+04164,WESTBOUND,test,30min,XGBoost,52911,0.07513458811867656,0.2456649138211295
110+04165,WESTBOUND,test,30min,XGBoost,52911,0.08984241740208498,0.2956383584398634
110+04166,WESTBOUND,test,30min,XGBoost,52964,0.17348605388593916,0.4984719227584723
110+04167,WESTBOUND,test,30min,XGBoost,52988,0.21614928217374565,0.5109468450612605
110+04168,WESTBOUND,test,30min,XGBoost,52972,0.1984498302998085,0.6722162825968399
110+04169,WESTBOUND,test,30min,XGBoost,52972,0.2278649290709689,0.5466804475473688
110+04170,WESTBOUND,test,30min,XGBoost,52972,0.13599702416449844,0.29372631918196185
110+04171,WESTBOUND,test,30min,XGBoost,52972,0.07519672476451948,0.17711171589384989
110+04172,WESTBOUND,test,30min,XGBoost,52988,0.06991851306248706,0.1506686794278803
110+04173,WESTBOUND,test,30min,XGBoost,52988,0.05191804139264726,0.12842117971432485
110-04163,EASTBOUND,test,30min,XGBoost,52988,0.12590152855569806,0.353419478429649
110-04164,EASTBOUND,test,30min,XGBoost,52988,0.08572528317971473,0.3373287235331952
110-04165,EASTBOUND,test,30min,XGBoost,52988,0.06398439439746413,0.21603735329951151
110-04166,EASTBOUND,test,30min,XGBoost,52988,0.1408462282860049,0.25982939627270124
110-04167,EASTBOUND,test,30min,XGBoost,52988,0.29046858880140475,0.6135421671769203
110-04168,EASTBOUND,test,30min,XGBoost,52988,0.22711257617146774,0.5420186311382238
110-04169,EASTBOUND,test,30min,XGBoost,52988,0.21322412287558049,0.6256333473389417
110-04170,EASTBOUND,test,30min,XGBoost,52988,0.1452982007224619,0.4402614067729548
110-04171,EASTBOUND,test,30min,XGBoost,52988,0.1283273304842283,0.37229410936108065
110-04172,EASTBOUND,test,30min,XGBoost,52967,0.09492552501071558,0.26270002784578367
110N04164,EASTBOUND,test,30min,XGBoost,52988,0.13742660984881358,0.38841736076308186
110N04165,EASTBOUND,test,30min,XGBoost,52988,0.06830185213486199,0.27009249516992845
110N04166,EASTBOUND,test,30min,XGBoost,52988,0.06263561732725649,0.14800356813210655
110N04167,EASTBOUND,test,30min,XGBoost,52988,0.30400195910706174,0.6256114241948758
110N04168,EASTBOUND,test,30min,XGBoost,52988,0.2842614304184659,0.6179054121022068
110N04169,EASTBOUND,test,30min,XGBoost,52988,0.24776722665822948,0.7014795115979289
110N04170,EASTBOUND,test,30min,XGBoost,52988,0.16766777220188997,0.505576614620222
110N04171,EASTBOUND,test,30min,XGBoost,52988,0.1323800263026804,0.39396194683471086
110N04172,EASTBOUND,test,30min,XGBoost,52967,0.12216975208998367,0.34473570253471736
110N04173,EASTBOUND,test,30min,XGBoost,52967,0.1264859656901093,0.3140255264133181
110P04163,WESTBOUND,test,30min,XGBoost,52900,0.07678014823902984,0.2262452513670342
110P04164,WESTBOUND,test,30min,XGBoost,52911,0.08352765635312222,0.19839500106652191
110P04165,WESTBOUND,test,30min,XGBoost,52964,0.10690332982492431,0.41039229018558715
110P04166,WESTBOUND,test,30min,XGBoost,52964,0.26779875650603036,0.7268581214720022
110P04167,WESTBOUND,test,30min,XGBoost,52972,0.18474363841119787,0.6258561717521648
110P04168,WESTBOUND,test,30min,XGBoost,52972,0.19374354129666232,0.6378479208132741
110P04169,WESTBOUND,test,30min,XGBoost,52972,0.21291737004360917,0.5220283653975356
110P04170,WESTBOUND,test,30min,XGBoost,52972,0.07768179300806465,0.17369800993482842
110P04171,WESTBOUND,test,30min,XGBoost,52972,0.0738529987068059,0.172115594499183
110P04172,WESTBOUND,test,30min,XGBoost,52988,0.06560330459454154,0.13689377069693284
110P04173,WESTBOUND,test,30min,XGBoost,52988,0.054410839807130094,0.1481758557588466
